year,state,state_po,democrat,dem_votes,republican,rep_votes,other_votes,total_votes,winning_party,electoral_votes_dem,electoral_votes_rep,total_electoral_votes,population
1976,ALABAMA,AL,"CARTER, JIMMY",659170,"FORD, GERALD",504070,19610,1182850,DEMOCRAT,9,0,9,3735.139
1976,ALASKA,AK,"CARTER, JIMMY",44058,"FORD, GERALD",71555,7961,123574,REPUBLICAN,0,3,3,400.969
1976,ARIZONA,AZ,"CARTER, JIMMY",295602,"FORD, GERALD",418642,28475,742719,REPUBLICAN,0,6,6,2346.157
1976,ARKANSAS,AR,"CARTER, JIMMY",498604,"FORD, GERALD",267903,1028,767535,DEMOCRAT,6,0,6,2170.161
1976,CALIFORNIA,CA,"CARTER, JIMMY",3742284,"FORD, GERALD",3882244,179242,7803770,REPUBLICAN,0,45,45,21935.909
1976,COLORADO,CO,"CARTER, JIMMY",460801,"FORD, GERALD",584278,36361,1081440,REPUBLICAN,0,7,7,2632.306
1976,CONNECTICUT,CT,"CARTER, JIMMY",647895,"FORD, GERALD",719261,19199,1386355,REPUBLICAN,0,8,8,3083.335
1976,DELAWARE,DE,"CARTER, JIMMY",122461,"FORD, GERALD",109780,3401,235642,DEMOCRAT,3,0,3,590.166
1976,DISTRICT OF COLUMBIA,DC,"CARTER, JIMMY",137818,"FORD, GERALD",27873,3139,168830,DEMOCRAT,3,0,3,692.295
1976,FLORIDA,FL,"CARTER, JIMMY",1636000,"FORD, GERALD",1469531,45100,3150631,DEMOCRAT,17,0,17,8667.379
1976,GEORGIA,GA,"CARTER, JIMMY",979409,"FORD, GERALD",483743,0,1463152,DEMOCRAT,12,0,12,5132.812
1976,HAWAII,HI,"CARTER, JIMMY",147375,"FORD, GERALD",140003,3923,291301,DEMOCRAT,4,0,4,904.191
1976,IDAHO,ID,"CARTER, JIMMY",126549,"FORD, GERALD",204151,10232,340932,REPUBLICAN,0,4,4,856.983
1976,ILLINOIS,IL,"CARTER, JIMMY",2271295,"FORD, GERALD",2364269,85718,4721282,REPUBLICAN,0,26,26,11342.853
1976,INDIANA,IN,"CARTER, JIMMY",1014714,"FORD, GERALD",1183958,21690,2220362,REPUBLICAN,0,13,13,5389.088
1976,IOWA,IA,"CARTER, JIMMY",619931,"FORD, GERALD",632864,26508,1279303,REPUBLICAN,0,8,8,2903.082
1976,KANSAS,KS,"CARTER, JIMMY",430421,"FORD, GERALD",502752,24672,957845,REPUBLICAN,0,7,7,2301.001
1976,KENTUCKY,KY,"CARTER, JIMMY",615717,"FORD, GERALD",531852,19573,1167142,DEMOCRAT,9,0,9,3529.257
1976,LOUISIANA,LA,"CARTER, JIMMY",661365,"FORD, GERALD",587446,28572,1277383,DEMOCRAT,10,0,10,3950.605
1976,MAINE,ME,"CARTER, JIMMY",232279,"FORD, GERALD",236320,14369,482968,REPUBLICAN,0,4,4,1088.412
1976,MARYLAND,MD,"CARTER, JIMMY",759612,"FORD, GERALD",672661,0,1432273,DEMOCRAT,10,0,10,4150.539
1976,MASSACHUSETTS,MA,"CARTER, JIMMY",1429475,"FORD, GERALD",1030276,87807,2547558,DEMOCRAT,14,0,14,5743.672
1976,MICHIGAN,MI,"CARTER, JIMMY",1696714,"FORD, GERALD",1893742,61134,3651590,REPUBLICAN,0,21,21,9129.205
1976,MINNESOTA,MN,"CARTER, JIMMY",1070440,"FORD, GERALD",819395,60096,1949931,DEMOCRAT,10,0,10,3964.68
1976,MISSISSIPPI,MS,"CARTER, JIMMY",381329,"FORD, GERALD",366846,20215,768390,DEMOCRAT,7,0,7,2429.756
1976,MISSOURI,MO,"CARTER, JIMMY",998387,"FORD, GERALD",927443,27770,1953600,DEMOCRAT,12,0,12,4839.029
1976,MONTANA,MT,"CARTER, JIMMY",149259,"FORD, GERALD",173703,5772,328734,REPUBLICAN,0,4,4,757.317
1976,NEBRASKA,NE,"CARTER, JIMMY",233293,"FORD, GERALD",359219,14237,606749,REPUBLICAN,0,5,5,1550.911
1976,NEVADA,NV,"CARTER, JIMMY",92479,"FORD, GERALD",101273,8124,201876,REPUBLICAN,0,3,3,646.975
1976,NEW HAMPSHIRE,NH,"CARTER, JIMMY",147645,"FORD, GERALD",185935,6047,339627,REPUBLICAN,0,4,4,845.248
1976,NEW JERSEY,NJ,"CARTER, JIMMY",1444653,"FORD, GERALD",1509688,60131,3014472,REPUBLICAN,0,17,17,7339.745
1976,NEW MEXICO,NM,"CARTER, JIMMY",201148,"FORD, GERALD",211419,4023,416590,REPUBLICAN,0,4,4,1189.295
1976,NEW YORK,NY,"CARTER, JIMMY",3244165,"FORD, GERALD",2825913,598184,6668262,DEMOCRAT,41,0,41,17940.541
1976,NORTH CAROLINA,NC,"CARTER, JIMMY",927365,"FORD, GERALD",741960,8581,1677906,DEMOCRAT,13,0,13,5607.964
1976,NORTH DAKOTA,ND,"CARTER, JIMMY",136078,"FORD, GERALD",153684,7546,297308,REPUBLICAN,0,3,3,645.797
1976,OHIO,OH,"CARTER, JIMMY",2009959,"FORD, GERALD",2000626,99871,4110456,DEMOCRAT,25,0,25,10752.662
1976,OKLAHOMA,OK,"CARTER, JIMMY",532442,"FORD, GERALD",545708,14101,1092251,REPUBLICAN,0,8,8,2826.815
1976,OREGON,OR,"CARTER, JIMMY",490407,"FORD, GERALD",492120,47349,1029876,REPUBLICAN,0,6,6,2378.262
1976,PENNSYLVANIA,PA,"CARTER, JIMMY",2328677,"FORD, GERALD",2205604,86506,4620787,DEMOCRAT,27,0,27,11897.378
1976,RHODE ISLAND,RI,"CARTER, JIMMY",227636,"FORD, GERALD",181249,1699,410584,DEMOCRAT,4,0,4,946.089
1976,SOUTH CAROLINA,SC,"CARTER, JIMMY",450807,"FORD, GERALD",346149,5627,802583,DEMOCRAT,8,0,8,2943.657
1976,SOUTH DAKOTA,SD,"CARTER, JIMMY",147068,"FORD, GERALD",151505,2105,300678,REPUBLICAN,0,4,4,686.39
1976,TENNESSEE,TN,"CARTER, JIMMY",825879,"FORD, GERALD",633969,16498,1476346,DEMOCRAT,10,0,10,4346.928
1976,TEXAS,TX,"CARTER, JIMMY",2082319,"FORD, GERALD",1953300,36265,4071884,DEMOCRAT,26,0,26,12904.089
1976,UTAH,UT,"CARTER, JIMMY",182110,"FORD, GERALD",337908,21200,541218,REPUBLICAN,0,4,4,1274.928
1976,VERMONT,VT,"CARTER, JIMMY",77798,"FORD, GERALD",100387,5717,183902,REPUBLICAN,0,3,3,484.928
1976,VIRGINIA,VA,"CARTER, JIMMY",813896,"FORD, GERALD",836554,46644,1697094,REPUBLICAN,0,12,12,5121.863
1976,WASHINGTON,WA,"CARTER, JIMMY",717323,"FORD, GERALD",777732,60479,1555534,REPUBLICAN,0,9,9,3693.61
1976,WEST VIRGINIA,WV,"CARTER, JIMMY",435864,"FORD, GERALD",314726,0,750590,DEMOCRAT,6,0,6,1879.503
1976,WISCONSIN,WI,"CARTER, JIMMY",1040232,"FORD, GERALD",1004987,56117,2101336,DEMOCRAT,11,0,11,4595.904
1976,WYOMING,WY,"CARTER, JIMMY",62239,"FORD, GERALD",92717,1387,156343,REPUBLICAN,0,3,3,396.952
1980,ALABAMA,AL,"CARTER, JIMMY",636730,"REAGAN, RONALD",654192,51007,1341929,REPUBLICAN,0,9,9,3900.368
1980,ALASKA,AK,"CARTER, JIMMY",41842,"REAGAN, RONALD",86112,30491,158445,REPUBLICAN,0,3,3,405.315
1980,ARIZONA,AZ,"CARTER, JIMMY",246843,"REAGAN, RONALD",529688,97414,873945,REPUBLICAN,0,6,6,2737.774
1980,ARKANSAS,AR,"CARTER, JIMMY",398041,"REAGAN, RONALD",403164,36377,837582,REPUBLICAN,0,6,6,2288.738
1980,CALIFORNIA,CA,"CARTER, JIMMY",3082943,"REAGAN, RONALD",4522994,977001,8582938,REPUBLICAN,0,45,45,23800.8
1980,COLORADO,CO,"CARTER, JIMMY",368009,"REAGAN, RONALD",652264,164177,1184450,REPUBLICAN,0,7,7,2908.803
1980,CONNECTICUT,CT,"CARTER, JIMMY",541732,"REAGAN, RONALD",677210,187343,1406285,REPUBLICAN,0,8,8,3113.174
1980,DELAWARE,DE,"CARTER, JIMMY",105754,"REAGAN, RONALD",111252,18662,235668,REPUBLICAN,0,3,3,594.919
1980,DISTRICT OF COLUMBIA,DC,"CARTER, JIMMY",130231,"REAGAN, RONALD",23313,20345,173889,DEMOCRAT,3,0,3,638.284
1980,FLORIDA,FL,"CARTER, JIMMY",1419475,"REAGAN, RONALD",2046951,220501,3686927,REPUBLICAN,0,17,17,9839.835
1980,GEORGIA,GA,"CARTER, JIMMY",890955,"REAGAN, RONALD",654168,51682,1596805,DEMOCRAT,12,0,12,5486.174
1980,HAWAII,HI,"CARTER, JIMMY",135879,"REAGAN, RONALD",130112,37296,303287,DEMOCRAT,4,0,4,967.71
1980,IDAHO,ID,"CARTER, JIMMY",110192,"REAGAN, RONALD",290699,36540,437431,REPUBLICAN,0,4,4,947.983
1980,ILLINOIS,IL,"CARTER, JIMMY",1981413,"REAGAN, RONALD",2358049,410259,4749721,REPUBLICAN,0,26,26,11434.702
1980,INDIANA,IN,"CARTER, JIMMY",844197,"REAGAN, RONALD",1255656,142180,2242033,REPUBLICAN,0,13,13,5490.721
1980,IOWA,IA,"CARTER, JIMMY",508672,"REAGAN, RONALD",676026,132963,1317661,REPUBLICAN,0,8,8,2914.018
1980,KANSAS,KS,"CARTER, JIMMY",326150,"REAGAN, RONALD",566812,86833,979795,REPUBLICAN,0,7,7,2369.039
1980,KENTUCKY,KY,"CARTER, JIMMY",617417,"REAGAN, RONALD",635274,42936,1295627,REPUBLICAN,0,9,9,3664.221
1980,LOUISIANA,LA,"CARTER, JIMMY",708453,"REAGAN, RONALD",792853,47285,1548591,REPUBLICAN,0,10,10,4223.101
1980,MAINE,ME,"CARTER, JIMMY",220974,"REAGAN, RONALD",238522,63515,523011,REPUBLICAN,0,4,4,1126.86
1980,MARYLAND,MD,"CARTER, JIMMY",726161,"REAGAN, RONALD",680606,133729,1540496,DEMOCRAT,10,0,10,4227.643
1980,MASSACHUSETTS,MA,"CARTER, JIMMY",1053802,"REAGAN, RONALD",1057631,412657,2524090,REPUBLICAN,0,14,14,5746.075
1980,MICHIGAN,MI,"CARTER, JIMMY",1661532,"REAGAN, RONALD",1915225,332968,3909725,REPUBLICAN,0,21,21,9255.553
1980,MINNESOTA,MN,"CARTER, JIMMY",954173,"REAGAN, RONALD",873268,224475,2051916,DEMOCRAT,10,0,10,4085.017
1980,MISSISSIPPI,MS,"CARTER, JIMMY",429281,"REAGAN, RONALD",441089,21380,891750,REPUBLICAN,0,7,7,2525.342
1980,MISSOURI,MO,"CARTER, JIMMY",931182,"REAGAN, RONALD",1074181,94461,2099824,REPUBLICAN,0,12,12,4921.966
1980,MONTANA,MT,"CARTER, JIMMY",118032,"REAGAN, RONALD",206814,39106,363952,REPUBLICAN,0,4,4,788.752
1980,NEBRASKA,NE,"CARTER, JIMMY",166424,"REAGAN, RONALD",419214,53895,639533,REPUBLICAN,0,5,5,1572.296
1980,NEVADA,NV,"CARTER, JIMMY",66666,"REAGAN, RONALD",155017,22009,243692,REPUBLICAN,0,3,3,810.215
1980,NEW HAMPSHIRE,NH,"CARTER, JIMMY",108864,"REAGAN, RONALD",221705,53421,383990,REPUBLICAN,0,4,4,924.25
1980,NEW JERSEY,NJ,"CARTER, JIMMY",1147364,"REAGAN, RONALD",1546557,281763,2975684,REPUBLICAN,0,17,17,7376.33
1980,NEW MEXICO,NM,"CARTER, JIMMY",167826,"REAGAN, RONALD",250779,37632,456237,REPUBLICAN,0,4,4,1309.4
1980,NEW YORK,NY,"CARTER, JIMMY",2728372,"REAGAN, RONALD",2637700,835887,6201959,REPUBLICAN,0,41,41,17566.754
1980,NORTH CAROLINA,NC,"CARTER, JIMMY",875635,"REAGAN, RONALD",915018,65180,1855833,REPUBLICAN,0,13,13,5898.98
1980,NORTH DAKOTA,ND,"CARTER, JIMMY",79189,"REAGAN, RONALD",193695,28232,301116,REPUBLICAN,0,3,3,654.38
1980,OHIO,OH,"CARTER, JIMMY",1752414,"REAGAN, RONALD",2206545,324644,4283603,REPUBLICAN,0,25,25,10800.65
1980,OKLAHOMA,OK,"CARTER, JIMMY",402026,"REAGAN, RONALD",695570,52112,1149708,REPUBLICAN,0,8,8,3040.758
1980,OREGON,OR,"CARTER, JIMMY",456890,"REAGAN, RONALD",571044,153582,1181516,REPUBLICAN,0,6,6,2641.218
1980,PENNSYLVANIA,PA,"CARTER, JIMMY",1937540,"REAGAN, RONALD",2261872,362089,4561501,REPUBLICAN,0,27,27,11868.305
1980,RHODE ISLAND,RI,"CARTER, JIMMY",198342,"REAGAN, RONALD",154793,62832,415967,DEMOCRAT,4,0,4,948.773
1980,SOUTH CAROLINA,SC,"CARTER, JIMMY",428220,"REAGAN, RONALD",439277,20761,888258,REPUBLICAN,0,8,8,3134.502
1980,SOUTH DAKOTA,SD,"CARTER, JIMMY",103855,"REAGAN, RONALD",198343,25505,327703,REPUBLICAN,0,4,4,690.851
1980,TENNESSEE,TN,"CARTER, JIMMY",783051,"REAGAN, RONALD",787761,46804,1617616,REPUBLICAN,0,10,10,4600.252
1980,TEXAS,TX,"CARTER, JIMMY",1881147,"REAGAN, RONALD",2510705,149784,4541636,REPUBLICAN,0,26,26,14338.208
1980,UTAH,UT,"CARTER, JIMMY",124266,"REAGAN, RONALD",439687,40199,604152,REPUBLICAN,0,4,4,1472.595
1980,VERMONT,VT,"CARTER, JIMMY",81952,"REAGAN, RONALD",94628,36719,213299,REPUBLICAN,0,3,3,512.524
1980,VIRGINIA,VA,"CARTER, JIMMY",752174,"REAGAN, RONALD",989609,124249,1866032,REPUBLICAN,0,12,12,5368.334
1980,WASHINGTON,WA,"CARTER, JIMMY",650193,"REAGAN, RONALD",865244,226957,1742394,REPUBLICAN,0,9,9,4154.678
1980,WEST VIRGINIA,WV,"CARTER, JIMMY",367462,"REAGAN, RONALD",334206,36047,737715,DEMOCRAT,6,0,6,1951.349
1980,WISCONSIN,WI,"CARTER, JIMMY",981584,"REAGAN, RONALD",1088845,202792,2273221,REPUBLICAN,0,11,11,4712.045
1980,WYOMING,WY,"CARTER, JIMMY",49427,"REAGAN, RONALD",110700,16586,176713,REPUBLICAN,0,3,3,474.185
1984,ALABAMA,AL,"MONDALE, WALTER",551899,"REAGAN, RONALD",872849,16965,1441713,REPUBLICAN,0,9,9,3951.82
1984,ALASKA,AK,"MONDALE, WALTER",62007,"REAGAN, RONALD",138377,7221,207605,REPUBLICAN,0,3,3,513.702
1984,ARIZONA,AZ,"MONDALE, WALTER",333854,"REAGAN, RONALD",681416,10627,1025897,REPUBLICAN,0,7,7,3067.135
1984,ARKANSAS,AR,"MONDALE, WALTER",338646,"REAGAN, RONALD",534774,10986,884406,REPUBLICAN,0,6,6,2319.768
1984,CALIFORNIA,CA,"MONDALE, WALTER",3922519,"REAGAN, RONALD",5467009,115513,9505041,REPUBLICAN,0,47,47,25844.393
1984,COLORADO,CO,"MONDALE, WALTER",454975,"REAGAN, RONALD",821817,18588,1295380,REPUBLICAN,0,8,8,3169.992
1984,CONNECTICUT,CT,"MONDALE, WALTER",569597,"REAGAN, RONALD",890877,6426,1466900,REPUBLICAN,0,8,8,3180.014
1984,DELAWARE,DE,"MONDALE, WALTER",101656,"REAGAN, RONALD",152190,726,254572,REPUBLICAN,0,3,3,611.565
1984,DISTRICT OF COLUMBIA,DC,"MONDALE, WALTER",180408,"REAGAN, RONALD",29009,1871,211288,DEMOCRAT,3,0,3,633.382
1984,FLORIDA,FL,"MONDALE, WALTER",1448816,"REAGAN, RONALD",2730350,885,4180051,REPUBLICAN,0,21,21,11039.925
1984,GEORGIA,GA,"MONDALE, WALTER",706628,"REAGAN, RONALD",1068722,753,1776103,REPUBLICAN,0,12,12,5834.954
1984,HAWAII,HI,"MONDALE, WALTER",147154,"REAGAN, RONALD",185050,3642,335846,REPUBLICAN,0,4,4,1027.922
1984,IDAHO,ID,"MONDALE, WALTER",108510,"REAGAN, RONALD",297523,5111,411144,REPUBLICAN,0,4,4,990.839
1984,ILLINOIS,IL,"MONDALE, WALTER",2086499,"REAGAN, RONALD",2707103,25486,4819088,REPUBLICAN,0,24,24,11412.132
1984,INDIANA,IN,"MONDALE, WALTER",841481,"REAGAN, RONALD",1377230,14358,2233069,REPUBLICAN,0,12,12,5458.322
1984,IOWA,IA,"MONDALE, WALTER",605620,"REAGAN, RONALD",703088,11097,1319805,REPUBLICAN,0,8,8,2858.618
1984,KANSAS,KS,"MONDALE, WALTER",333149,"REAGAN, RONALD",677296,11546,1021991,REPUBLICAN,0,7,7,2424.086
1984,KENTUCKY,KY,"MONDALE, WALTER",539539,"REAGAN, RONALD",821702,8104,1369345,REPUBLICAN,0,9,9,3695.453
1984,LOUISIANA,LA,"MONDALE, WALTER",651586,"REAGAN, RONALD",1037299,17937,1706822,REPUBLICAN,0,10,10,4400.477
1984,MAINE,ME,"MONDALE, WALTER",214515,"REAGAN, RONALD",336500,2129,553144,REPUBLICAN,0,4,4,1155.635
1984,MARYLAND,MD,"MONDALE, WALTER",787935,"REAGAN, RONALD",879918,8020,1675873,REPUBLICAN,0,10,10,4365.243
1984,MASSACHUSETTS,MA,"MONDALE, WALTER",1239606,"REAGAN, RONALD",1310936,8841,2559383,REPUBLICAN,0,13,13,5840.773
1984,MICHIGAN,MI,"MONDALE, WALTER",1529638,"REAGAN, RONALD",2251571,20449,3801658,REPUBLICAN,0,20,20,9049.452
1984,MINNESOTA,MN,"MONDALE, WALTER",1036364,"REAGAN, RONALD",1032603,15482,2084449,DEMOCRAT,10,0,10,4157.706
1984,MISSISSIPPI,MS,"MONDALE, WALTER",352192,"REAGAN, RONALD",582377,6535,941104,REPUBLICAN,0,7,7,2578.051
1984,MISSOURI,MO,"MONDALE, WALTER",848583,"REAGAN, RONALD",1274188,0,2122771,REPUBLICAN,0,11,11,4975.278
1984,MONTANA,MT,"MONDALE, WALTER",146742,"REAGAN, RONALD",232450,5185,384377,REPUBLICAN,0,4,4,820.905
1984,NEBRASKA,NE,"MONDALE, WALTER",187866,"REAGAN, RONALD",460054,4170,652090,REPUBLICAN,0,5,5,1588.639
1984,NEVADA,NV,"MONDALE, WALTER",91655,"REAGAN, RONALD",188770,2292,282717,REPUBLICAN,0,4,4,924.922
1984,NEW HAMPSHIRE,NH,"MONDALE, WALTER",120347,"REAGAN, RONALD",267050,1507,388904,REPUBLICAN,0,4,4,976.864
1984,NEW JERSEY,NJ,"MONDALE, WALTER",1261323,"REAGAN, RONALD",1933630,22909,3217862,REPUBLICAN,0,16,16,7515.473
1984,NEW MEXICO,NM,"MONDALE, WALTER",201769,"REAGAN, RONALD",307101,5500,514370,REPUBLICAN,0,5,5,1416.717
1984,NEW YORK,NY,"MONDALE, WALTER",3001285,"REAGAN, RONALD",3376519,429006,6806810,REPUBLICAN,0,36,36,17745.684
1984,NORTH CAROLINA,NC,"MONDALE, WALTER",824287,"REAGAN, RONALD",1346481,4593,2175361,REPUBLICAN,0,13,13,6164.006
1984,NORTH DAKOTA,ND,"MONDALE, WALTER",104429,"REAGAN, RONALD",200336,4206,308971,REPUBLICAN,0,3,3,680.497
1984,OHIO,OH,"MONDALE, WALTER",1825440,"REAGAN, RONALD",2678559,59236,4563235,REPUBLICAN,0,23,23,10737.746
1984,OKLAHOMA,OK,"MONDALE, WALTER",385080,"REAGAN, RONALD",861530,9066,1255676,REPUBLICAN,0,8,8,3285.533
1984,OREGON,OR,"MONDALE, WALTER",536479,"REAGAN, RONALD",685700,4348,1226527,REPUBLICAN,0,7,7,2666.588
1984,PENNSYLVANIA,PA,"MONDALE, WALTER",2228131,"REAGAN, RONALD",2584323,32449,4844903,REPUBLICAN,0,25,25,11815.172
1984,RHODE ISLAND,RI,"MONDALE, WALTER",197106,"REAGAN, RONALD",212080,1303,410489,REPUBLICAN,0,4,4,961.894
1984,SOUTH CAROLINA,SC,"MONDALE, WALTER",344459,"REAGAN, RONALD",615539,8531,968529,REPUBLICAN,0,8,8,3271.868
1984,SOUTH DAKOTA,SD,"MONDALE, WALTER",116113,"REAGAN, RONALD",200267,1487,317867,REPUBLICAN,0,3,3,697.249
1984,TENNESSEE,TN,"MONDALE, WALTER",711714,"REAGAN, RONALD",990212,10067,1711993,REPUBLICAN,0,11,11,4686.737
1984,TEXAS,TX,"MONDALE, WALTER",1949276,"REAGAN, RONALD",3433428,14867,5397571,REPUBLICAN,0,29,29,16007.086
1984,UTAH,UT,"MONDALE, WALTER",155369,"REAGAN, RONALD",469105,5182,629656,REPUBLICAN,0,5,5,1622.342
1984,VERMONT,VT,"MONDALE, WALTER",95730,"REAGAN, RONALD",135865,2966,234561,REPUBLICAN,0,3,3,526.66
1984,VIRGINIA,VA,"MONDALE, WALTER",796250,"REAGAN, RONALD",1337078,13307,2146635,REPUBLICAN,0,12,12,5643.87
1984,WASHINGTON,WA,"MONDALE, WALTER",798352,"REAGAN, RONALD",1051670,24888,1874910,REPUBLICAN,0,10,10,4343.656
1984,WEST VIRGINIA,WV,"MONDALE, WALTER",328125,"REAGAN, RONALD",405483,2134,735742,REPUBLICAN,0,6,6,1927.697
1984,WISCONSIN,WI,"MONDALE, WALTER",995740,"REAGAN, RONALD",1198584,17365,2211689,REPUBLICAN,0,11,11,4735.563
1984,WYOMING,WY,"MONDALE, WALTER",53370,"REAGAN, RONALD",133241,2357,188968,REPUBLICAN,0,3,3,504.896
1988,ALABAMA,AL,"DUKAKIS, MICHAEL",549506,"BUSH, GEORGE H.W.",815576,13394,1378476,REPUBLICAN,0,9,9,4023.844
1988,ALASKA,AK,"DUKAKIS, MICHAEL",72584,"BUSH, GEORGE H.W.",119251,8281,200116,REPUBLICAN,0,3,3,541.983
1988,ARIZONA,AZ,"DUKAKIS, MICHAEL",454029,"BUSH, GEORGE H.W.",702541,15303,1171873,REPUBLICAN,0,7,7,3535.183
1988,ARKANSAS,AR,"DUKAKIS, MICHAEL",349237,"BUSH, GEORGE H.W.",466578,11923,827738,REPUBLICAN,0,6,6,2342.656
1988,CALIFORNIA,CA,"DUKAKIS, MICHAEL",4702233,"BUSH, GEORGE H.W.",5054917,129915,9887065,REPUBLICAN,0,47,47,28464.249
1988,COLORADO,CO,"DUKAKIS, MICHAEL",621453,"BUSH, GEORGE H.W.",728177,22764,1372394,REPUBLICAN,0,8,8,3262.281
1988,CONNECTICUT,CT,"DUKAKIS, MICHAEL",676584,"BUSH, GEORGE H.W.",750241,16569,1443394,REPUBLICAN,0,8,8,3271.953
1988,DELAWARE,DE,"DUKAKIS, MICHAEL",108647,"BUSH, GEORGE H.W.",139639,1605,249891,REPUBLICAN,0,3,3,647.622
1988,DISTRICT OF COLUMBIA,DC,"DUKAKIS, MICHAEL",159407,"BUSH, GEORGE H.W.",27590,5880,192877,DEMOCRAT,3,0,3,630.432
1988,FLORIDA,FL,"DUKAKIS, MICHAEL",1656701,"BUSH, GEORGE H.W.",2618885,26727,4302313,REPUBLICAN,0,21,21,12306.395
1988,GEORGIA,GA,"DUKAKIS, MICHAEL",714792,"BUSH, GEORGE H.W.",1081331,13549,1809672,REPUBLICAN,0,12,12,6316.142
1988,HAWAII,HI,"DUKAKIS, MICHAEL",192364,"BUSH, GEORGE H.W.",158625,3472,354461,DEMOCRAT,4,0,4,1079.828
1988,IDAHO,ID,"DUKAKIS, MICHAEL",147272,"BUSH, GEORGE H.W.",253881,7815,408968,REPUBLICAN,0,4,4,985.664
1988,ILLINOIS,IL,"DUKAKIS, MICHAEL",2215940,"BUSH, GEORGE H.W.",2310939,32241,4559120,REPUBLICAN,0,24,24,11390.183
1988,INDIANA,IN,"DUKAKIS, MICHAEL",860643,"BUSH, GEORGE H.W.",1297763,10215,2168621,REPUBLICAN,0,12,12,5491.735
1988,IOWA,IA,"DUKAKIS, MICHAEL",670557,"BUSH, GEORGE H.W.",545355,9702,1225614,DEMOCRAT,8,0,8,2768.388
1988,KANSAS,KS,"DUKAKIS, MICHAEL",422636,"BUSH, GEORGE H.W.",554049,16359,993044,REPUBLICAN,0,7,7,2461.996
1988,KENTUCKY,KY,"DUKAKIS, MICHAEL",580368,"BUSH, GEORGE H.W.",734281,7868,1322517,REPUBLICAN,0,9,9,3679.999
1988,LOUISIANA,LA,"DUKAKIS, MICHAEL",717460,"BUSH, GEORGE H.W.",883702,27040,1628202,REPUBLICAN,0,10,10,4288.863
1988,MAINE,ME,"DUKAKIS, MICHAEL",243569,"BUSH, GEORGE H.W.",307131,4335,555035,REPUBLICAN,0,4,4,1203.84
1988,MARYLAND,MD,"DUKAKIS, MICHAEL",826304,"BUSH, GEORGE H.W.",876167,11887,1714358,REPUBLICAN,0,10,10,4657.904
1988,MASSACHUSETTS,MA,"DUKAKIS, MICHAEL",1401415,"BUSH, GEORGE H.W.",1194635,36751,2632801,DEMOCRAT,13,0,13,5979.982
1988,MICHIGAN,MI,"DUKAKIS, MICHAEL",1675783,"BUSH, GEORGE H.W.",1965486,27894,3669163,REPUBLICAN,0,20,20,9217.998
1988,MINNESOTA,MN,"DUKAKIS, MICHAEL",1109471,"BUSH, GEORGE H.W.",962337,24982,2096790,DEMOCRAT,10,0,10,4296.166
1988,MISSISSIPPI,MS,"DUKAKIS, MICHAEL",363921,"BUSH, GEORGE H.W.",557890,9716,931527,REPUBLICAN,0,7,7,2580.352
1988,MISSOURI,MO,"DUKAKIS, MICHAEL",1001619,"BUSH, GEORGE H.W.",1084953,6656,2093228,REPUBLICAN,0,11,11,5081.736
1988,MONTANA,MT,"DUKAKIS, MICHAEL",168936,"BUSH, GEORGE H.W.",190412,6326,365674,REPUBLICAN,0,4,4,800.202
1988,NEBRASKA,NE,"DUKAKIS, MICHAEL",259235,"BUSH, GEORGE H.W.",397956,4274,661465,REPUBLICAN,0,5,5,1571.477
1988,NEVADA,NV,"DUKAKIS, MICHAEL",132738,"BUSH, GEORGE H.W.",206040,4355,343133,REPUBLICAN,0,4,4,1075.022
1988,NEW HAMPSHIRE,NH,"DUKAKIS, MICHAEL",163696,"BUSH, GEORGE H.W.",281537,5292,450525,REPUBLICAN,0,4,4,1082.577
1988,NEW JERSEY,NJ,"DUKAKIS, MICHAEL",1320352,"BUSH, GEORGE H.W.",1743192,36009,3099553,REPUBLICAN,0,16,16,7712.333
1988,NEW MEXICO,NM,"DUKAKIS, MICHAEL",244497,"BUSH, GEORGE H.W.",270341,6549,521387,REPUBLICAN,0,5,5,1490.337
1988,NEW YORK,NY,"DUKAKIS, MICHAEL",3255487,"BUSH, GEORGE H.W.",2838414,391782,6485683,DEMOCRAT,36,0,36,17941.309
1988,NORTH CAROLINA,NC,"DUKAKIS, MICHAEL",890167,"BUSH, GEORGE H.W.",1237258,6945,2134370,REPUBLICAN,0,13,13,6480.594
1988,NORTH DAKOTA,ND,"DUKAKIS, MICHAEL",127739,"BUSH, GEORGE H.W.",166559,2963,297261,REPUBLICAN,0,3,3,655.331
1988,OHIO,OH,"DUKAKIS, MICHAEL",1939629,"BUSH, GEORGE H.W.",2416549,37407,4393585,REPUBLICAN,0,23,23,10798.552
1988,OKLAHOMA,OK,"DUKAKIS, MICHAEL",483423,"BUSH, GEORGE H.W.",678367,9246,1171036,REPUBLICAN,0,8,8,3167.057
1988,OREGON,OR,"DUKAKIS, MICHAEL",616206,"BUSH, GEORGE H.W.",560126,25362,1201694,DEMOCRAT,7,0,7,2741.297
1988,PENNSYLVANIA,PA,"DUKAKIS, MICHAEL",2194944,"BUSH, GEORGE H.W.",2300087,41220,4536251,REPUBLICAN,0,25,25,11845.752
1988,RHODE ISLAND,RI,"DUKAKIS, MICHAEL",225123,"BUSH, GEORGE H.W.",177761,1738,404622,DEMOCRAT,4,0,4,996.408
1988,SOUTH CAROLINA,SC,"DUKAKIS, MICHAEL",370554,"BUSH, GEORGE H.W.",606443,9012,986009,REPUBLICAN,0,8,8,3412.096
1988,SOUTH DAKOTA,SD,"DUKAKIS, MICHAEL",145560,"BUSH, GEORGE H.W.",165415,2016,312991,REPUBLICAN,0,3,3,698.165
1988,TENNESSEE,TN,"DUKAKIS, MICHAEL",679794,"BUSH, GEORGE H.W.",947233,9223,1636250,REPUBLICAN,0,11,11,4822.437
1988,TEXAS,TX,"DUKAKIS, MICHAEL",2352748,"BUSH, GEORGE H.W.",3036829,37833,5427410,REPUBLICAN,0,29,29,16667.022
1988,UTAH,UT,"DUKAKIS, MICHAEL",207343,"BUSH, GEORGE H.W.",428442,11223,647008,REPUBLICAN,0,5,5,1689.372
1988,VERMONT,VT,"DUKAKIS, MICHAEL",115775,"BUSH, GEORGE H.W.",124331,3222,243328,REPUBLICAN,0,3,3,549.763
1988,VIRGINIA,VA,"DUKAKIS, MICHAEL",859799,"BUSH, GEORGE H.W.",1309162,22648,2191609,REPUBLICAN,0,12,12,6036.909
1988,WASHINGTON,WA,"DUKAKIS, MICHAEL",933516,"BUSH, GEORGE H.W.",903835,27902,1865253,DEMOCRAT,10,0,10,4639.893
1988,WEST VIRGINIA,WV,"DUKAKIS, MICHAEL",341016,"BUSH, GEORGE H.W.",310065,2230,653311,DEMOCRAT,6,0,6,1830.215
1988,WISCONSIN,WI,"DUKAKIS, MICHAEL",1126794,"BUSH, GEORGE H.W.",1047499,17315,2191608,DEMOCRAT,11,0,11,4822.388
1988,WYOMING,WY,"DUKAKIS, MICHAEL",67113,"BUSH, GEORGE H.W.",106867,2571,176551,REPUBLICAN,0,3,3,465.101
1992,ALABAMA,AL,"CLINTON, BILL",690080,"BUSH, GEORGE H.W.",804283,193697,1688060,REPUBLICAN,0,9,9,4139.269
1992,ALASKA,AK,"CLINTON, BILL",78294,"BUSH, GEORGE H.W.",102000,78212,258506,REPUBLICAN,0,3,3,587.073
1992,ARIZONA,AZ,"CLINTON, BILL",543050,"BUSH, GEORGE H.W.",572086,371839,1486975,REPUBLICAN,0,8,8,3867.333
1992,ARKANSAS,AR,"CLINTON, BILL",505823,"BUSH, GEORGE H.W.",337324,107506,950653,DEMOCRAT,6,0,6,2394.098
1992,CALIFORNIA,CA,"CLINTON, BILL",5121325,"BUSH, GEORGE H.W.",3630574,2379822,11131721,DEMOCRAT,54,0,54,30875.92
1992,COLORADO,CO,"CLINTON, BILL",629681,"BUSH, GEORGE H.W.",562850,376649,1569180,DEMOCRAT,8,0,8,3459.995
1992,CONNECTICUT,CT,"CLINTON, BILL",682318,"BUSH, GEORGE H.W.",578313,355525,1616156,DEMOCRAT,8,0,8,3274.997
1992,DELAWARE,DE,"CLINTON, BILL",126054,"BUSH, GEORGE H.W.",102313,61253,289620,DEMOCRAT,3,0,3,690.158
1992,DISTRICT OF COLUMBIA,DC,"CLINTON, BILL",192619,"BUSH, GEORGE H.W.",20698,14255,227572,DEMOCRAT,3,0,3,584.183
1992,FLORIDA,FL,"CLINTON, BILL",2071698,"BUSH, GEORGE H.W.",2173310,1068384,5313392,REPUBLICAN,0,25,25,13504.775
1992,GEORGIA,GA,"CLINTON, BILL",1008966,"BUSH, GEORGE H.W.",995252,316915,2321133,DEMOCRAT,13,0,13,6759.474
1992,HAWAII,HI,"CLINTON, BILL",179310,"BUSH, GEORGE H.W.",136822,56710,372842,DEMOCRAT,4,0,4,1149.926
1992,IDAHO,ID,"CLINTON, BILL",137013,"BUSH, GEORGE H.W.",202645,142456,482114,REPUBLICAN,0,4,4,1066.49
1992,ILLINOIS,IL,"CLINTON, BILL",2453350,"BUSH, GEORGE H.W.",1734096,862711,5050157,DEMOCRAT,22,0,22,11635.197
1992,INDIANA,IN,"CLINTON, BILL",848420,"BUSH, GEORGE H.W.",989375,468076,2305871,REPUBLICAN,0,12,12,5648.649
1992,IOWA,IA,"CLINTON, BILL",586353,"BUSH, GEORGE H.W.",504891,263363,1354607,DEMOCRAT,7,0,7,2806.923
1992,KANSAS,KS,"CLINTON, BILL",390434,"BUSH, GEORGE H.W.",449951,316851,1157236,REPUBLICAN,0,6,6,2526.042
1992,KENTUCKY,KY,"CLINTON, BILL",665104,"BUSH, GEORGE H.W.",617178,210618,1492900,DEMOCRAT,8,0,8,3756.358
1992,LOUISIANA,LA,"CLINTON, BILL",815971,"BUSH, GEORGE H.W.",733386,240660,1790017,DEMOCRAT,9,0,9,4270.849
1992,MAINE,ME,"CLINTON, BILL",263420,"BUSH, GEORGE H.W.",206504,209575,679499,DEMOCRAT,4,0,4,1235.748
1992,MARYLAND,MD,"CLINTON, BILL",988571,"BUSH, GEORGE H.W.",707094,288915,1984580,DEMOCRAT,10,0,10,4902.545
1992,MASSACHUSETTS,MA,"CLINTON, BILL",1318639,"BUSH, GEORGE H.W.",805039,649986,2773664,DEMOCRAT,12,0,12,5993.474
1992,MICHIGAN,MI,"CLINTON, BILL",1871182,"BUSH, GEORGE H.W.",1554940,848551,4274673,DEMOCRAT,18,0,18,9470.323
1992,MINNESOTA,MN,"CLINTON, BILL",1020997,"BUSH, GEORGE H.W.",747841,579110,2347948,DEMOCRAT,10,0,10,4471.503
1992,MISSISSIPPI,MS,"CLINTON, BILL",400258,"BUSH, GEORGE H.W.",487793,93742,981793,REPUBLICAN,0,7,7,2610.193
1992,MISSOURI,MO,"CLINTON, BILL",1053873,"BUSH, GEORGE H.W.",811159,526238,2391270,DEMOCRAT,11,0,11,5193.686
1992,MONTANA,MT,"CLINTON, BILL",154507,"BUSH, GEORGE H.W.",144207,111869,410583,DEMOCRAT,3,0,3,822.436
1992,NEBRASKA,NE,"CLINTON, BILL",216864,"BUSH, GEORGE H.W.",343678,177004,737546,REPUBLICAN,0,5,5,1602.406
1992,NEVADA,NV,"CLINTON, BILL",189148,"BUSH, GEORGE H.W.",175828,141342,506318,DEMOCRAT,4,0,4,1330.694
1992,NEW HAMPSHIRE,NH,"CLINTON, BILL",209040,"BUSH, GEORGE H.W.",202484,125691,537215,DEMOCRAT,4,0,4,1112.766
1992,NEW JERSEY,NJ,"CLINTON, BILL",1436206,"BUSH, GEORGE H.W.",1356865,550523,3343594,DEMOCRAT,15,0,15,7827.77
1992,NEW MEXICO,NM,"CLINTON, BILL",261617,"BUSH, GEORGE H.W.",212824,95545,569986,DEMOCRAT,5,0,5,1580.75
1992,NEW YORK,NY,"CLINTON, BILL",3346894,"BUSH, GEORGE H.W.",2041690,1690848,7079432,DEMOCRAT,33,0,33,18082.032
1992,NORTH CAROLINA,NC,"CLINTON, BILL",1114042,"BUSH, GEORGE H.W.",1134661,363147,2611850,REPUBLICAN,0,14,14,6831.85
1992,NORTH DAKOTA,ND,"CLINTON, BILL",99168,"BUSH, GEORGE H.W.",136244,72721,308133,REPUBLICAN,0,3,3,635.427
1992,OHIO,OH,"CLINTON, BILL",1984942,"BUSH, GEORGE H.W.",1894310,1060715,4939967,DEMOCRAT,21,0,21,11007.609
1992,OKLAHOMA,OK,"CLINTON, BILL",473066,"BUSH, GEORGE H.W.",592929,324364,1390359,REPUBLICAN,0,8,8,3204.174
1992,OREGON,OR,"CLINTON, BILL",621314,"BUSH, GEORGE H.W.",475757,365572,1462643,DEMOCRAT,7,0,7,2973.934
1992,PENNSYLVANIA,PA,"CLINTON, BILL",2239164,"BUSH, GEORGE H.W.",1791841,928805,4959810,DEMOCRAT,23,0,23,11980.819
1992,RHODE ISLAND,RI,"CLINTON, BILL",213299,"BUSH, GEORGE H.W.",131601,108465,453365,DEMOCRAT,4,0,4,1000.571
1992,SOUTH CAROLINA,SC,"CLINTON, BILL",525514,"BUSH, GEORGE H.W.",577507,125891,1228912,REPUBLICAN,0,8,8,3600.576
1992,SOUTH DAKOTA,SD,"CLINTON, BILL",124888,"BUSH, GEORGE H.W.",136718,74648,336254,REPUBLICAN,0,3,3,708.698
1992,TENNESSEE,TN,"CLINTON, BILL",933521,"BUSH, GEORGE H.W.",841300,207817,1982638,DEMOCRAT,11,0,11,5013.999
1992,TEXAS,TX,"CLINTON, BILL",2281815,"BUSH, GEORGE H.W.",2496071,1376132,6154018,REPUBLICAN,0,32,32,17650.479
1992,UTAH,UT,"CLINTON, BILL",183429,"BUSH, GEORGE H.W.",322632,237937,743998,REPUBLICAN,0,5,5,1821.498
1992,VERMONT,VT,"CLINTON, BILL",133592,"BUSH, GEORGE H.W.",88122,67987,289701,DEMOCRAT,3,0,3,570.115
1992,VIRGINIA,VA,"CLINTON, BILL",1038650,"BUSH, GEORGE H.W.",1150517,369962,2559129,REPUBLICAN,0,13,13,6383.315
1992,WASHINGTON,WA,"CLINTON, BILL",993037,"BUSH, GEORGE H.W.",731234,563294,2287565,DEMOCRAT,11,0,11,5139.011
1992,WEST VIRGINIA,WV,"CLINTON, BILL",331001,"BUSH, GEORGE H.W.",241974,110702,683677,DEMOCRAT,5,0,5,1805.462
1992,WISCONSIN,WI,"CLINTON, BILL",1041066,"BUSH, GEORGE H.W.",930855,559143,2531064,DEMOCRAT,11,0,11,5004.636
1992,WYOMING,WY,"CLINTON, BILL",68160,"BUSH, GEORGE H.W.",79347,52377,199884,REPUBLICAN,0,3,3,463.491
1996,ALABAMA,AL,"CLINTON, BILL",662165,"DOLE, ROBERT",769044,103140,1534349,REPUBLICAN,0,9,9,4290.403
1996,ALASKA,AK,"CLINTON, BILL",80380,"DOLE, ROBERT",122746,38494,241620,REPUBLICAN,0,3,3,604.918
1996,ARIZONA,AZ,"CLINTON, BILL",653288,"DOLE, ROBERT",622073,129044,1404405,DEMOCRAT,8,0,8,4432.308
1996,ARKANSAS,AR,"CLINTON, BILL",475171,"DOLE, ROBERT",325416,83675,884262,DEMOCRAT,6,0,6,2504.858
1996,CALIFORNIA,CA,"CLINTON, BILL",5119835,"DOLE, ROBERT",3828381,1071253,10019469,DEMOCRAT,54,0,54,31780.829
1996,COLORADO,CO,"CLINTON, BILL",671152,"DOLE, ROBERT",691848,147702,1510702,REPUBLICAN,0,8,8,3812.716
1996,CONNECTICUT,CT,"CLINTON, BILL",735740,"DOLE, ROBERT",483109,173765,1392614,DEMOCRAT,8,0,8,3267.03
1996,DELAWARE,DE,"CLINTON, BILL",140355,"DOLE, ROBERT",99062,31393,270810,DEMOCRAT,3,0,3,727.09
1996,DISTRICT OF COLUMBIA,DC,"CLINTON, BILL",158220,"DOLE, ROBERT",17339,10167,185726,DEMOCRAT,3,0,3,538.273
1996,FLORIDA,FL,"CLINTON, BILL",2546870,"DOLE, ROBERT",2244536,511748,5303154,DEMOCRAT,25,0,25,14426.911
1996,GEORGIA,GA,"CLINTON, BILL",1053849,"DOLE, ROBERT",1080843,164207,2298899,REPUBLICAN,0,13,13,7332.225
1996,HAWAII,HI,"CLINTON, BILL",205012,"DOLE, ROBERT",113943,41165,360120,DEMOCRAT,4,0,4,1184.434
1996,IDAHO,ID,"CLINTON, BILL",165443,"DOLE, ROBERT",256595,69673,491711,REPUBLICAN,0,4,4,1187.706
1996,ILLINOIS,IL,"CLINTON, BILL",2341744,"DOLE, ROBERT",1587021,382626,4311391,DEMOCRAT,22,0,22,11953.003
1996,INDIANA,IN,"CLINTON, BILL",887424,"DOLE, ROBERT",1006693,241314,2135431,REPUBLICAN,0,12,12,5834.908
1996,IOWA,IA,"CLINTON, BILL",620258,"DOLE, ROBERT",492644,121173,1234075,DEMOCRAT,7,0,7,2848.473
1996,KANSAS,KS,"CLINTON, BILL",387659,"DOLE, ROBERT",583245,103396,1074300,REPUBLICAN,0,6,6,2598.266
1996,KENTUCKY,KY,"CLINTON, BILL",636614,"DOLE, ROBERT",623283,128811,1388708,DEMOCRAT,8,0,8,3881.051
1996,LOUISIANA,LA,"CLINTON, BILL",927837,"DOLE, ROBERT",712586,143536,1783959,DEMOCRAT,9,0,9,4338.763
1996,MAINE,ME,"CLINTON, BILL",312788,"DOLE, ROBERT",186378,106731,605897,DEMOCRAT,4,0,4,1241.436
1996,MARYLAND,MD,"CLINTON, BILL",966207,"DOLE, ROBERT",681530,133133,1780870,DEMOCRAT,10,0,10,5057.142
1996,MASSACHUSETTS,MA,"CLINTON, BILL",1571509,"DOLE, ROBERT",718058,266892,2556459,DEMOCRAT,12,0,12,6085.393
1996,MICHIGAN,MI,"CLINTON, BILL",1989653,"DOLE, ROBERT",1481212,377979,3848844,DEMOCRAT,18,0,18,9739.184
1996,MINNESOTA,MN,"CLINTON, BILL",1120380,"DOLE, ROBERT",766395,305717,2192492,DEMOCRAT,10,0,10,4647.723
1996,MISSISSIPPI,MS,"CLINTON, BILL",394022,"DOLE, ROBERT",439838,59997,893857,REPUBLICAN,0,7,7,2709.925
1996,MISSOURI,MO,"CLINTON, BILL",1025935,"DOLE, ROBERT",890016,242114,2158065,DEMOCRAT,11,0,11,5367.888
1996,MONTANA,MT,"CLINTON, BILL",167922,"DOLE, ROBERT",179652,59509,407083,REPUBLICAN,0,3,3,876.656
1996,NEBRASKA,NE,"CLINTON, BILL",236761,"DOLE, ROBERT",363467,77187,677415,REPUBLICAN,0,5,5,1647.657
1996,NEVADA,NV,"CLINTON, BILL",203974,"DOLE, ROBERT",199244,61061,464279,DEMOCRAT,4,0,4,1596.476
1996,NEW HAMPSHIRE,NH,"CLINTON, BILL",246166,"DOLE, ROBERT",196486,53945,496597,DEMOCRAT,4,0,4,1160.768
1996,NEW JERSEY,NJ,"CLINTON, BILL",1652361,"DOLE, ROBERT",1103099,320400,3075860,DEMOCRAT,15,0,15,8009.624
1996,NEW MEXICO,NM,"CLINTON, BILL",273495,"DOLE, ROBERT",232751,49828,556074,DEMOCRAT,5,0,5,1706.151
1996,NEW YORK,NY,"CLINTON, BILL",3649630,"DOLE, ROBERT",1738707,1050792,6439129,DEMOCRAT,33,0,33,18143.805
1996,NORTH CAROLINA,NC,"CLINTON, BILL",1107849,"DOLE, ROBERT",1225938,182020,2515807,REPUBLICAN,0,14,14,7307.658
1996,NORTH DAKOTA,ND,"CLINTON, BILL",106905,"DOLE, ROBERT",125050,34456,266411,REPUBLICAN,0,3,3,642.858
1996,OHIO,OH,"CLINTON, BILL",2148222,"DOLE, ROBERT",1859883,526329,4534434,DEMOCRAT,21,0,21,11187.032
1996,OKLAHOMA,OK,"CLINTON, BILL",488105,"DOLE, ROBERT",582315,136293,1206713,REPUBLICAN,0,8,8,3289.634
1996,OREGON,OR,"CLINTON, BILL",649641,"DOLE, ROBERT",538152,189967,1377760,DEMOCRAT,7,0,7,3195.087
1996,PENNSYLVANIA,PA,"CLINTON, BILL",2215819,"DOLE, ROBERT",1801169,484319,4501307,DEMOCRAT,23,0,23,12038.008
1996,RHODE ISLAND,RI,"CLINTON, BILL",233050,"DOLE, ROBERT",104683,52514,390247,DEMOCRAT,4,0,4,987.858
1996,SOUTH CAROLINA,SC,"CLINTON, BILL",506152,"DOLE, ROBERT",573339,70691,1150182,REPUBLICAN,0,8,8,3738.974
1996,SOUTH DAKOTA,SD,"CLINTON, BILL",139333,"DOLE, ROBERT",150543,33950,323826,REPUBLICAN,0,3,3,730.699
1996,TENNESSEE,TN,"CLINTON, BILL",909146,"DOLE, ROBERT",863530,121429,1894105,DEMOCRAT,11,0,11,5313.576
1996,TEXAS,TX,"CLINTON, BILL",2459683,"DOLE, ROBERT",2736167,415794,5611644,REPUBLICAN,0,32,32,19006.24
1996,UTAH,UT,"CLINTON, BILL",221633,"DOLE, ROBERT",361911,82085,665629,REPUBLICAN,0,5,5,2022.253
1996,VERMONT,VT,"CLINTON, BILL",137894,"DOLE, ROBERT",80352,40203,258449,DEMOCRAT,3,0,3,586.352
1996,VIRGINIA,VA,"CLINTON, BILL",1091060,"DOLE, ROBERT",1138350,187232,2416642,REPUBLICAN,0,13,13,6665.491
1996,WASHINGTON,WA,"CLINTON, BILL",1123323,"DOLE, ROBERT",840712,289802,2253837,DEMOCRAT,11,0,11,5509.963
1996,WEST VIRGINIA,WV,"CLINTON, BILL",327812,"DOLE, ROBERT",233946,74701,636459,DEMOCRAT,5,0,5,1818.983
1996,WISCONSIN,WI,"CLINTON, BILL",1071971,"DOLE, ROBERT",845029,279169,2196169,DEMOCRAT,11,0,11,5173.828
1996,WYOMING,WY,"CLINTON, BILL",77934,"DOLE, ROBERT",105388,28249,211571,REPUBLICAN,0,3,3,480.085
2000,ALABAMA,AL,"GORE, AL",692611,"BUSH, GEORGE W.",941173,32488,1666272,REPUBLICAN,0,9,9,4452.173
2000,ALASKA,AK,"GORE, AL",79004,"BUSH, GEORGE W.",167398,39158,285560,REPUBLICAN,0,3,3,627.963
2000,ARIZONA,AZ,"GORE, AL",685341,"BUSH, GEORGE W.",781652,65023,1532016,REPUBLICAN,0,8,8,5160.586
2000,ARKANSAS,AR,"GORE, AL",422768,"BUSH, GEORGE W.",472940,26073,921781,REPUBLICAN,0,6,6,2678.588
2000,CALIFORNIA,CA,"GORE, AL",5861203,"BUSH, GEORGE W.",4567429,537190,10965822,DEMOCRAT,54,0,54,33987.977
2000,COLORADO,CO,"GORE, AL",738227,"BUSH, GEORGE W.",883748,119393,1741368,REPUBLICAN,0,8,8,4326.921
2000,CONNECTICUT,CT,"GORE, AL",816015,"BUSH, GEORGE W.",561094,82416,1459525,DEMOCRAT,8,0,8,3411.777
2000,DELAWARE,DE,"GORE, AL",180068,"BUSH, GEORGE W.",137288,10173,327529,DEMOCRAT,3,0,3,786.373
2000,DISTRICT OF COLUMBIA,DC,"GORE, AL",171923,"BUSH, GEORGE W.",18073,11898,201894,DEMOCRAT,3,0,3,572.046
2000,FLORIDA,FL,"GORE, AL",2912253,"BUSH, GEORGE W.",2912790,138067,5963110,REPUBLICAN,0,25,25,16047.515
2000,GEORGIA,GA,"GORE, AL",1116230,"BUSH, GEORGE W.",1419720,47258,2583208,REPUBLICAN,0,13,13,8227.303
2000,HAWAII,HI,"GORE, AL",205286,"BUSH, GEORGE W.",137845,24820,367951,DEMOCRAT,4,0,4,1213.519
2000,IDAHO,ID,"GORE, AL",138637,"BUSH, GEORGE W.",336937,26041,501615,REPUBLICAN,0,4,4,1299.43
2000,ILLINOIS,IL,"GORE, AL",2589026,"BUSH, GEORGE W.",2019421,133661,4742108,DEMOCRAT,22,0,22,12434.161
2000,INDIANA,IN,"GORE, AL",901980,"BUSH, GEORGE W.",1245836,51486,2199302,REPUBLICAN,0,12,12,6091.866
2000,IOWA,IA,"GORE, AL",638517,"BUSH, GEORGE W.",634373,80132,1353022,DEMOCRAT,7,0,7,2929.067
2000,KANSAS,KS,"GORE, AL",399276,"BUSH, GEORGE W.",622332,50608,1072216,REPUBLICAN,0,6,6,2693.681
2000,KENTUCKY,KY,"GORE, AL",638923,"BUSH, GEORGE W.",872520,32663,1544106,REPUBLICAN,0,8,8,4049.021
2000,LOUISIANA,LA,"GORE, AL",792344,"BUSH, GEORGE W.",927871,45441,1765656,REPUBLICAN,0,9,9,4471.885
2000,MAINE,ME,"GORE, AL",319951,"BUSH, GEORGE W.",286616,45250,651817,DEMOCRAT,4,0,4,1277.072
2000,MARYLAND,MD,"GORE, AL",1144008,"BUSH, GEORGE W.",813827,67377,2025212,DEMOCRAT,10,0,10,5311.034
2000,MASSACHUSETTS,MA,"GORE, AL",1616487,"BUSH, GEORGE W.",878502,238975,2733964,DEMOCRAT,12,0,12,6361.104
2000,MICHIGAN,MI,"GORE, AL",2170418,"BUSH, GEORGE W.",1953139,108944,4232501,DEMOCRAT,18,0,18,9952.45
2000,MINNESOTA,MN,"GORE, AL",1168266,"BUSH, GEORGE W.",1109659,160760,2438685,DEMOCRAT,10,0,10,4933.692
2000,MISSISSIPPI,MS,"GORE, AL",404614,"BUSH, GEORGE W.",572844,16726,994184,REPUBLICAN,0,7,7,2848.353
2000,MISSOURI,MO,"GORE, AL",1111138,"BUSH, GEORGE W.",1189924,58830,2359892,REPUBLICAN,0,11,11,5607.285
2000,MONTANA,MT,"GORE, AL",137126,"BUSH, GEORGE W.",240178,33682,410986,REPUBLICAN,0,3,3,903.773
2000,NEBRASKA,NE,"GORE, AL",231780,"BUSH, GEORGE W.",433862,31377,697019,REPUBLICAN,0,5,5,1713.82
2000,NEVADA,NV,"GORE, AL",279978,"BUSH, GEORGE W.",301575,27873,609426,REPUBLICAN,0,4,4,2018.741
2000,NEW HAMPSHIRE,NH,"GORE, AL",266348,"BUSH, GEORGE W.",273559,29174,569081,REPUBLICAN,0,4,4,1239.882
2000,NEW JERSEY,NJ,"GORE, AL",1788850,"BUSH, GEORGE W.",1284173,114203,3187226,DEMOCRAT,15,0,15,8430.621
2000,NEW MEXICO,NM,"GORE, AL",286783,"BUSH, GEORGE W.",286417,25405,598605,DEMOCRAT,5,0,5,1821.204
2000,NEW YORK,NY,"GORE, AL",3942215,"BUSH, GEORGE W.",2258577,759423,6960215,DEMOCRAT,33,0,33,19001.78
2000,NORTH CAROLINA,NC,"GORE, AL",1257692,"BUSH, GEORGE W.",1631163,26135,2914990,REPUBLICAN,0,14,14,8081.614
2000,NORTH DAKOTA,ND,"GORE, AL",95284,"BUSH, GEORGE W.",174852,18120,288256,REPUBLICAN,0,3,3,642.023
2000,OHIO,OH,"GORE, AL",2183628,"BUSH, GEORGE W.",2350363,168007,4701998,REPUBLICAN,0,21,21,11363.543
2000,OKLAHOMA,OK,"GORE, AL",474276,"BUSH, GEORGE W.",744337,15616,1234229,REPUBLICAN,0,8,8,3454.365
2000,OREGON,OR,"GORE, AL",720342,"BUSH, GEORGE W.",713577,100031,1533950,DEMOCRAT,7,0,7,3429.708
2000,PENNSYLVANIA,PA,"GORE, AL",2485967,"BUSH, GEORGE W.",2281127,145091,4912185,DEMOCRAT,23,0,23,12284.173
2000,RHODE ISLAND,RI,"GORE, AL",249508,"BUSH, GEORGE W.",130555,29049,409112,DEMOCRAT,4,0,4,1050.268
2000,SOUTH CAROLINA,SC,"GORE, AL",566037,"BUSH, GEORGE W.",786892,30973,1383902,REPUBLICAN,0,8,8,4024.223
2000,SOUTH DAKOTA,SD,"GORE, AL",118804,"BUSH, GEORGE W.",190700,6765,316269,REPUBLICAN,0,3,3,755.844
2000,TENNESSEE,TN,"GORE, AL",981720,"BUSH, GEORGE W.",1061949,32512,2076181,REPUBLICAN,0,11,11,5703.719
2000,TEXAS,TX,"GORE, AL",2433746,"BUSH, GEORGE W.",3799639,174252,6407637,REPUBLICAN,0,32,32,20944.499
2000,UTAH,UT,"GORE, AL",203053,"BUSH, GEORGE W.",515096,52605,770754,REPUBLICAN,0,5,5,2244.502
2000,VERMONT,VT,"GORE, AL",149022,"BUSH, GEORGE W.",119775,25511,294308,DEMOCRAT,3,0,3,609.618
2000,VIRGINIA,VA,"GORE, AL",1217290,"BUSH, GEORGE W.",1437490,84667,2739447,REPUBLICAN,0,13,13,7105.817
2000,WASHINGTON,WA,"GORE, AL",1247652,"BUSH, GEORGE W.",1108864,130917,2487433,DEMOCRAT,11,0,11,5910.512
2000,WEST VIRGINIA,WV,"GORE, AL",295497,"BUSH, GEORGE W.",336475,16152,648124,REPUBLICAN,0,5,5,1807.021
2000,WISCONSIN,WI,"GORE, AL",1242987,"BUSH, GEORGE W.",1237279,118341,2598607,DEMOCRAT,11,0,11,5373.999
2000,WYOMING,WY,"GORE, AL",60481,"BUSH, GEORGE W.",147947,5298,213726,REPUBLICAN,0,3,3,494.3
2004,ALABAMA,AL,"KERRY, JOHN",693933,"BUSH, GEORGE W.",1176394,13088,1883415,REPUBLICAN,0,9,9,4530.729
2004,ALASKA,AK,"KERRY, JOHN",111025,"BUSH, GEORGE W.",190889,10684,312598,REPUBLICAN,0,3,3,659.286
2004,ARIZONA,AZ,"KERRY, JOHN",893524,"BUSH, GEORGE W.",1104294,14767,2012585,REPUBLICAN,0,10,10,5652.404
2004,ARKANSAS,AR,"KERRY, JOHN",469953,"BUSH, GEORGE W.",572898,12094,1054945,REPUBLICAN,0,6,6,2749.686
2004,CALIFORNIA,CA,"KERRY, JOHN",6745485,"BUSH, GEORGE W.",5509826,166042,12421353,DEMOCRAT,55,0,55,35574.576
2004,COLORADO,CO,"KERRY, JOHN",1001732,"BUSH, GEORGE W.",1101255,26643,2129630,REPUBLICAN,0,9,9,4575.013
2004,CONNECTICUT,CT,"KERRY, JOHN",857488,"BUSH, GEORGE W.",693826,27455,1578769,DEMOCRAT,7,0,7,3496.094
2004,DELAWARE,DE,"KERRY, JOHN",200152,"BUSH, GEORGE W.",171660,3378,375190,DEMOCRAT,3,0,3,830.803
2004,DISTRICT OF COLUMBIA,DC,"KERRY, JOHN",202970,"BUSH, GEORGE W.",21256,3360,227586,DEMOCRAT,3,0,3,567.754
2004,FLORIDA,FL,"KERRY, JOHN",3583544,"BUSH, GEORGE W.",3964522,61744,7609810,REPUBLICAN,0,27,27,17415.318
2004,GEORGIA,GA,"KERRY, JOHN",1366149,"BUSH, GEORGE W.",1914254,21472,3301875,REPUBLICAN,0,15,15,8769.252
2004,HAWAII,HI,"KERRY, JOHN",231708,"BUSH, GEORGE W.",194191,3114,429013,DEMOCRAT,4,0,4,1273.569
2004,IDAHO,ID,"KERRY, JOHN",181098,"BUSH, GEORGE W.",409235,8043,598376,REPUBLICAN,0,4,4,1391.802
2004,ILLINOIS,IL,"KERRY, JOHN",2891550,"BUSH, GEORGE W.",2345946,36826,5274322,DEMOCRAT,21,0,21,12589.773
2004,INDIANA,IN,"KERRY, JOHN",969011,"BUSH, GEORGE W.",1479438,19553,2468002,REPUBLICAN,0,11,11,6233.007
2004,IOWA,IA,"KERRY, JOHN",741898,"BUSH, GEORGE W.",751957,13053,1506908,REPUBLICAN,0,7,7,2953.635
2004,KANSAS,KS,"KERRY, JOHN",434993,"BUSH, GEORGE W.",736456,16307,1187756,REPUBLICAN,0,6,6,2734.373
2004,KENTUCKY,KY,"KERRY, JOHN",712733,"BUSH, GEORGE W.",1069439,13710,1795882,REPUBLICAN,0,8,8,4146.101
2004,LOUISIANA,LA,"KERRY, JOHN",820299,"BUSH, GEORGE W.",1102169,20638,1943106,REPUBLICAN,0,9,9,4552.238
2004,MAINE,ME,"KERRY, JOHN",396842,"BUSH, GEORGE W.",330201,13709,740752,DEMOCRAT,4,0,4,1313.688
2004,MARYLAND,MD,"KERRY, JOHN",1334493,"BUSH, GEORGE W.",1024703,25042,2384238,DEMOCRAT,10,0,10,5546.935
2004,MASSACHUSETTS,MA,"KERRY, JOHN",1803800,"BUSH, GEORGE W.",1071109,52546,2927455,DEMOCRAT,12,0,12,6412.281
2004,MICHIGAN,MI,"KERRY, JOHN",2479183,"BUSH, GEORGE W.",2313746,46323,4839252,DEMOCRAT,17,0,17,10055.315
2004,MINNESOTA,MN,"KERRY, JOHN",1445014,"BUSH, GEORGE W.",1346695,36678,2828387,DEMOCRAT,10,0,10,5087.713
2004,MISSISSIPPI,MS,"KERRY, JOHN",457766,"BUSH, GEORGE W.",672660,9398,1139824,REPUBLICAN,0,6,6,2889.01
2004,MISSOURI,MO,"KERRY, JOHN",1259171,"BUSH, GEORGE W.",1455713,16480,2731364,REPUBLICAN,0,11,11,5747.741
2004,MONTANA,MT,"KERRY, JOHN",173710,"BUSH, GEORGE W.",266063,10661,450434,REPUBLICAN,0,3,3,930.009
2004,NEBRASKA,NE,"KERRY, JOHN",254328,"BUSH, GEORGE W.",512814,11044,778186,REPUBLICAN,0,5,5,1749.37
2004,NEVADA,NV,"KERRY, JOHN",397190,"BUSH, GEORGE W.",418690,13707,829587,REPUBLICAN,0,5,5,2346.222
2004,NEW HAMPSHIRE,NH,"KERRY, JOHN",340511,"BUSH, GEORGE W.",331237,6539,678287,DEMOCRAT,4,0,4,1290.121
2004,NEW JERSEY,NJ,"KERRY, JOHN",1911430,"BUSH, GEORGE W.",1670003,30258,3611691,DEMOCRAT,15,0,15,8634.561
2004,NEW MEXICO,NM,"KERRY, JOHN",370942,"BUSH, GEORGE W.",376930,8432,756304,REPUBLICAN,0,5,5,1903.808
2004,NEW YORK,NY,"KERRY, JOHN",4180755,"BUSH, GEORGE W.",2806993,460518,7448266,DEMOCRAT,31,0,31,19171.567
2004,NORTH CAROLINA,NC,"KERRY, JOHN",1525849,"BUSH, GEORGE W.",1961166,13992,3501007,REPUBLICAN,0,15,15,8553.152
2004,NORTH DAKOTA,ND,"KERRY, JOHN",111052,"BUSH, GEORGE W.",196651,5130,312833,REPUBLICAN,0,3,3,644.705
2004,OHIO,OH,"KERRY, JOHN",2741165,"BUSH, GEORGE W.",2859764,26974,5627903,REPUBLICAN,0,20,20,11452.251
2004,OKLAHOMA,OK,"KERRY, JOHN",503966,"BUSH, GEORGE W.",959792,0,1463758,REPUBLICAN,0,7,7,3525.233
2004,OREGON,OR,"KERRY, JOHN",943163,"BUSH, GEORGE W.",866831,26788,1836782,DEMOCRAT,7,0,7,3569.463
2004,PENNSYLVANIA,PA,"KERRY, JOHN",2938095,"BUSH, GEORGE W.",2793847,37648,5769590,DEMOCRAT,21,0,21,12410.722
2004,RHODE ISLAND,RI,"KERRY, JOHN",259760,"BUSH, GEORGE W.",169046,8328,437134,DEMOCRAT,4,0,4,1074.579
2004,SOUTH CAROLINA,SC,"KERRY, JOHN",661669,"BUSH, GEORGE W.",937974,18057,1617700,REPUBLICAN,0,8,8,4210.921
2004,SOUTH DAKOTA,SD,"KERRY, JOHN",149244,"BUSH, GEORGE W.",232584,6387,388215,REPUBLICAN,0,3,3,770.396
2004,TENNESSEE,TN,"KERRY, JOHN",1036477,"BUSH, GEORGE W.",1384375,16467,2437319,REPUBLICAN,0,11,11,5910.809
2004,TEXAS,TX,"KERRY, JOHN",2832704,"BUSH, GEORGE W.",4526917,51128,7410749,REPUBLICAN,0,34,34,22394.023
2004,UTAH,UT,"KERRY, JOHN",241199,"BUSH, GEORGE W.",663742,22903,927844,REPUBLICAN,0,5,5,2401.58
2004,VERMONT,VT,"KERRY, JOHN",184067,"BUSH, GEORGE W.",121180,7062,312309,DEMOCRAT,3,0,3,619.92
2004,VIRGINIA,VA,"KERRY, JOHN",1454742,"BUSH, GEORGE W.",1716959,23714,3195415,REPUBLICAN,0,13,13,7475.575
2004,WASHINGTON,WA,"KERRY, JOHN",1510201,"BUSH, GEORGE W.",1304894,43989,2859084,DEMOCRAT,11,0,11,6178.645
2004,WEST VIRGINIA,WV,"KERRY, JOHN",326541,"BUSH, GEORGE W.",423778,5473,755792,REPUBLICAN,0,5,5,1816.438
2004,WISCONSIN,WI,"KERRY, JOHN",1489504,"BUSH, GEORGE W.",1478120,29383,2997007,DEMOCRAT,10,0,10,5514.026
2004,WYOMING,WY,"KERRY, JOHN",70776,"BUSH, GEORGE W.",167629,5456,243861,REPUBLICAN,0,3,3,509.106
2008,ALABAMA,AL,"OBAMA, BARACK H.",813479,"MCCAIN, JOHN",1266546,19794,2099819,REPUBLICAN,0,9,9,4718.206
2008,ALASKA,AK,"OBAMA, BARACK H.",123594,"MCCAIN, JOHN",193841,8762,326197,REPUBLICAN,0,3,3,687.455
2008,ARIZONA,AZ,"OBAMA, BARACK H.",1034707,"MCCAIN, JOHN",1230111,28657,2293475,REPUBLICAN,0,10,10,6280.362
2008,ARKANSAS,AR,"OBAMA, BARACK H.",422310,"MCCAIN, JOHN",638017,26290,1086617,REPUBLICAN,0,6,6,2874.554
2008,CALIFORNIA,CA,"OBAMA, BARACK H.",8274473,"MCCAIN, JOHN",5011781,275646,13561900,DEMOCRAT,55,0,55,36604.337
2008,COLORADO,CO,"OBAMA, BARACK H.",1288576,"MCCAIN, JOHN",1073589,39196,2401361,DEMOCRAT,9,0,9,4889.73
2008,CONNECTICUT,CT,"OBAMA, BARACK H.",997772,"MCCAIN, JOHN",629428,19592,1646792,DEMOCRAT,7,0,7,3545.579
2008,DELAWARE,DE,"OBAMA, BARACK H.",255459,"MCCAIN, JOHN",152374,4579,412412,DEMOCRAT,3,0,3,883.874
2008,DISTRICT OF COLUMBIA,DC,"OBAMA, BARACK H.",245800,"MCCAIN, JOHN",17367,2686,265853,DEMOCRAT,3,0,3,580.236
2008,FLORIDA,FL,"OBAMA, BARACK H.",4282074,"MCCAIN, JOHN",4045624,63046,8390744,DEMOCRAT,27,0,27,18527.305
2008,GEORGIA,GA,"OBAMA, BARACK H.",1844123,"MCCAIN, JOHN",2048759,31604,3924486,REPUBLICAN,0,15,15,9504.843
2008,HAWAII,HI,"OBAMA, BARACK H.",325871,"MCCAIN, JOHN",120566,9627,456064,DEMOCRAT,4,0,4,1332.213
2008,IDAHO,ID,"OBAMA, BARACK H.",236440,"MCCAIN, JOHN",403012,15670,655122,REPUBLICAN,0,4,4,1534.32
2008,ILLINOIS,IL,"OBAMA, BARACK H.",3419348,"MCCAIN, JOHN",2031179,71844,5522371,DEMOCRAT,21,0,21,12747.038
2008,INDIANA,IN,"OBAMA, BARACK H.",1374039,"MCCAIN, JOHN",1345648,31367,2751054,DEMOCRAT,11,0,11,6424.806
2008,IOWA,IA,"OBAMA, BARACK H.",828940,"MCCAIN, JOHN",682379,25804,1537123,DEMOCRAT,7,0,7,3016.734
2008,KANSAS,KS,"OBAMA, BARACK H.",514765,"MCCAIN, JOHN",699655,21452,1235872,REPUBLICAN,0,6,6,2808.076
2008,KENTUCKY,KY,"OBAMA, BARACK H.",751985,"MCCAIN, JOHN",1048462,26173,1826620,REPUBLICAN,0,8,8,4289.878
2008,LOUISIANA,LA,"OBAMA, BARACK H.",782989,"MCCAIN, JOHN",1148275,29497,1960761,REPUBLICAN,0,9,9,4435.586
2008,MAINE,ME,"OBAMA, BARACK H.",421923,"MCCAIN, JOHN",295273,13967,731163,DEMOCRAT,4,0,4,1330.509
2008,MARYLAND,MD,"OBAMA, BARACK H.",1629467,"MCCAIN, JOHN",959862,42267,2631596,DEMOCRAT,10,0,10,5684.965
2008,MASSACHUSETTS,MA,"OBAMA, BARACK H.",1904097,"MCCAIN, JOHN",1108854,90044,3102995,DEMOCRAT,12,0,12,6468.967
2008,MICHIGAN,MI,"OBAMA, BARACK H.",2872579,"MCCAIN, JOHN",2048639,80378,5001596,DEMOCRAT,17,0,17,9946.889
2008,MINNESOTA,MN,"OBAMA, BARACK H.",1573354,"MCCAIN, JOHN",1275409,61606,2910369,DEMOCRAT,10,0,10,5247.018
2008,MISSISSIPPI,MS,"OBAMA, BARACK H.",554662,"MCCAIN, JOHN",724597,10606,1289865,REPUBLICAN,0,6,6,2947.806
2008,MISSOURI,MO,"OBAMA, BARACK H.",1441911,"MCCAIN, JOHN",1445814,37480,2925205,REPUBLICAN,0,11,11,5923.916
2008,MONTANA,MT,"OBAMA, BARACK H.",231667,"MCCAIN, JOHN",242763,15679,490109,REPUBLICAN,0,3,3,976.415
2008,NEBRASKA,NE,"OBAMA, BARACK H.",333319,"MCCAIN, JOHN",452979,14983,801281,REPUBLICAN,1,4,5,1796.378
2008,NEVADA,NV,"OBAMA, BARACK H.",533736,"MCCAIN, JOHN",412827,21285,967848,DEMOCRAT,5,0,5,2653.63
2008,NEW HAMPSHIRE,NH,"OBAMA, BARACK H.",384826,"MCCAIN, JOHN",316534,9610,710970,DEMOCRAT,4,0,4,1315.906
2008,NEW JERSEY,NJ,"OBAMA, BARACK H.",2215422,"MCCAIN, JOHN",1613207,39608,3868237,DEMOCRAT,15,0,15,8711.09
2008,NEW MEXICO,NM,"OBAMA, BARACK H.",472422,"MCCAIN, JOHN",346832,10904,830158,DEMOCRAT,5,0,5,2010.662
2008,NEW YORK,NY,"OBAMA, BARACK H.",4645332,"MCCAIN, JOHN",2418323,658364,7722019,DEMOCRAT,31,0,31,19212.436
2008,NORTH CAROLINA,NC,"OBAMA, BARACK H.",2142651,"MCCAIN, JOHN",2128474,39726,4310851,DEMOCRAT,15,0,15,9309.449
2008,NORTH DAKOTA,ND,"OBAMA, BARACK H.",141278,"MCCAIN, JOHN",168601,6742,316621,REPUBLICAN,0,3,3,657.569
2008,OHIO,OH,"OBAMA, BARACK H.",2940044,"MCCAIN, JOHN",2677820,90486,5708350,DEMOCRAT,20,0,20,11515.391
2008,OKLAHOMA,OK,"OBAMA, BARACK H.",502496,"MCCAIN, JOHN",960165,0,1462661,REPUBLICAN,0,7,7,3668.976
2008,OREGON,OR,"OBAMA, BARACK H.",1037291,"MCCAIN, JOHN",738475,52098,1827864,DEMOCRAT,7,0,7,3768.748
2008,PENNSYLVANIA,PA,"OBAMA, BARACK H.",3276363,"MCCAIN, JOHN",2655885,81024,6013272,DEMOCRAT,21,0,21,12612.285
2008,RHODE ISLAND,RI,"OBAMA, BARACK H.",296571,"MCCAIN, JOHN",165391,9804,471766,DEMOCRAT,4,0,4,1055.003
2008,SOUTH CAROLINA,SC,"OBAMA, BARACK H.",862449,"MCCAIN, JOHN",1034896,23624,1920969,REPUBLICAN,0,8,8,4528.996
2008,SOUTH DAKOTA,SD,"OBAMA, BARACK H.",170924,"MCCAIN, JOHN",203054,7997,381975,REPUBLICAN,0,3,3,799.124
2008,TENNESSEE,TN,"OBAMA, BARACK H.",1087437,"MCCAIN, JOHN",1479178,33134,2599749,REPUBLICAN,0,11,11,6247.411
2008,TEXAS,TX,"OBAMA, BARACK H.",3528633,"MCCAIN, JOHN",4479328,69834,8077795,REPUBLICAN,0,34,34,24309.039
2008,UTAH,UT,"OBAMA, BARACK H.",327670,"MCCAIN, JOHN",596030,28670,952370,REPUBLICAN,0,5,5,2663.029
2008,VERMONT,VT,"OBAMA, BARACK H.",219262,"MCCAIN, JOHN",98974,6810,325046,DEMOCRAT,3,0,3,624.151
2008,VIRGINIA,VA,"OBAMA, BARACK H.",1959532,"MCCAIN, JOHN",1725005,38723,3723260,DEMOCRAT,13,0,13,7833.496
2008,WASHINGTON,WA,"OBAMA, BARACK H.",1750848,"MCCAIN, JOHN",1229216,56814,3036878,DEMOCRAT,11,0,11,6562.231
2008,WEST VIRGINIA,WV,"OBAMA, BARACK H.",303857,"MCCAIN, JOHN",397466,12128,713451,REPUBLICAN,0,5,5,1840.31
2008,WISCONSIN,WI,"OBAMA, BARACK H.",1677211,"MCCAIN, JOHN",1262393,43813,2983417,DEMOCRAT,10,0,10,5640.996
2008,WYOMING,WY,"OBAMA, BARACK H.",82868,"MCCAIN, JOHN",164958,7078,254904,REPUBLICAN,0,3,3,546.043
2012,ALABAMA,AL,"OBAMA, BARACK H.",795696,"ROMNEY, MITT",1255925,22717,2074338,REPUBLICAN,0,9,9,4816.632
2012,ALASKA,AK,"OBAMA, BARACK H.",122640,"ROMNEY, MITT",164676,13179,300495,REPUBLICAN,0,3,3,730.81
2012,ARIZONA,AZ,"OBAMA, BARACK H.",1025232,"ROMNEY, MITT",1233654,40368,2299254,REPUBLICAN,0,11,11,6556.344
2012,ARKANSAS,AR,"OBAMA, BARACK H.",394409,"ROMNEY, MITT",647744,27315,1069468,REPUBLICAN,0,6,6,2952.876
2012,CALIFORNIA,CA,"OBAMA, BARACK H.",7854285,"ROMNEY, MITT",4839958,344304,13038547,DEMOCRAT,55,0,55,37944.551
2012,COLORADO,CO,"OBAMA, BARACK H.",1323101,"ROMNEY, MITT",1185243,61172,2569516,DEMOCRAT,9,0,9,5193.66
2012,CONNECTICUT,CT,"OBAMA, BARACK H.",905083,"ROMNEY, MITT",634892,18229,1558204,DEMOCRAT,7,0,7,3595.211
2012,DELAWARE,DE,"OBAMA, BARACK H.",242584,"ROMNEY, MITT",165484,5822,413890,DEMOCRAT,3,0,3,915.518
2012,DISTRICT OF COLUMBIA,DC,"OBAMA, BARACK H.",267070,"ROMNEY, MITT",21381,5313,293764,DEMOCRAT,3,0,3,635.737
2012,FLORIDA,FL,"OBAMA, BARACK H.",4237756,"ROMNEY, MITT",4163447,72976,8474179,DEMOCRAT,29,0,29,19302.016
2012,GEORGIA,GA,"OBAMA, BARACK H.",1773827,"ROMNEY, MITT",2078688,45324,3897839,REPUBLICAN,0,16,16,9903.58
2012,HAWAII,HI,"OBAMA, BARACK H.",306658,"ROMNEY, MITT",121015,9486,437159,DEMOCRAT,4,0,4,1395.199
2012,IDAHO,ID,"OBAMA, BARACK H.",212787,"ROMNEY, MITT",420911,18576,652274,REPUBLICAN,0,4,4,1595.91
2012,ILLINOIS,IL,"OBAMA, BARACK H.",3019512,"ROMNEY, MITT",2135216,87286,5242014,DEMOCRAT,20,0,20,12883.029
2012,INDIANA,IN,"OBAMA, BARACK H.",1152887,"ROMNEY, MITT",1420543,51104,2624534,REPUBLICAN,0,11,11,6538.989
2012,IOWA,IA,"OBAMA, BARACK H.",822544,"ROMNEY, MITT",730617,29019,1582180,DEMOCRAT,6,0,6,3076.844
2012,KANSAS,KS,"OBAMA, BARACK H.",440726,"ROMNEY, MITT",692634,26611,1159971,REPUBLICAN,0,6,6,2886.024
2012,KENTUCKY,KY,"OBAMA, BARACK H.",679370,"ROMNEY, MITT",1087190,30652,1797212,REPUBLICAN,0,8,8,4387.865
2012,LOUISIANA,LA,"OBAMA, BARACK H.",809141,"ROMNEY, MITT",1152262,32662,1994065,REPUBLICAN,0,8,8,4602.067
2012,MAINE,ME,"OBAMA, BARACK H.",401306,"ROMNEY, MITT",292276,31176,724758,DEMOCRAT,4,0,4,1328.094
2012,MARYLAND,MD,"OBAMA, BARACK H.",1677844,"ROMNEY, MITT",971869,57614,2707327,DEMOCRAT,10,0,10,5888.375
2012,MASSACHUSETTS,MA,"OBAMA, BARACK H.",1921290,"ROMNEY, MITT",1188314,74592,3184196,DEMOCRAT,11,0,11,6664.269
2012,MICHIGAN,MI,"OBAMA, BARACK H.",2564569,"ROMNEY, MITT",2115256,51136,4730961,DEMOCRAT,16,0,16,9898.289
2012,MINNESOTA,MN,"OBAMA, BARACK H.",1546167,"ROMNEY, MITT",1320225,70169,2936561,DEMOCRAT,10,0,10,5377.5
2012,MISSISSIPPI,MS,"OBAMA, BARACK H.",562949,"ROMNEY, MITT",710746,11889,1285584,REPUBLICAN,0,6,6,2984.599
2012,MISSOURI,MO,"OBAMA, BARACK H.",1223796,"ROMNEY, MITT",1482440,51087,2757323,REPUBLICAN,0,10,10,6026.027
2012,MONTANA,MT,"OBAMA, BARACK H.",201839,"ROMNEY, MITT",267928,14281,484048,REPUBLICAN,0,3,3,1004.168
2012,NEBRASKA,NE,"OBAMA, BARACK H.",302081,"ROMNEY, MITT",475064,17234,794379,REPUBLICAN,0,5,5,1853.691
2012,NEVADA,NV,"OBAMA, BARACK H.",531373,"ROMNEY, MITT",463567,19978,1014918,DEMOCRAT,6,0,6,2744.67
2012,NEW HAMPSHIRE,NH,"OBAMA, BARACK H.",369561,"ROMNEY, MITT",329918,11493,710972,DEMOCRAT,4,0,4,1324.677
2012,NEW JERSEY,NJ,"OBAMA, BARACK H.",2122786,"ROMNEY, MITT",1478088,37625,3638499,DEMOCRAT,14,0,14,8845.671
2012,NEW MEXICO,NM,"OBAMA, BARACK H.",415335,"ROMNEY, MITT",335788,32635,783758,DEMOCRAT,5,0,5,2087.715
2012,NEW YORK,NY,"OBAMA, BARACK H.",4324228,"ROMNEY, MITT",2223397,569159,7116784,DEMOCRAT,29,0,29,19574.362
2012,NORTH CAROLINA,NC,"OBAMA, BARACK H.",2178391,"ROMNEY, MITT",2270395,56586,4505372,REPUBLICAN,0,15,15,9751.81
2012,NORTH DAKOTA,ND,"OBAMA, BARACK H.",124966,"ROMNEY, MITT",188320,9646,322932,REPUBLICAN,0,3,3,702.227
2012,OHIO,OH,"OBAMA, BARACK H.",2827621,"ROMNEY, MITT",2661407,91794,5580822,DEMOCRAT,18,0,18,11550.971
2012,OKLAHOMA,OK,"OBAMA, BARACK H.",443547,"ROMNEY, MITT",891325,0,1334872,REPUBLICAN,0,7,7,3819.32
2012,OREGON,OR,"OBAMA, BARACK H.",970488,"ROMNEY, MITT",754175,64607,1789270,DEMOCRAT,7,0,7,3900.102
2012,PENNSYLVANIA,PA,"OBAMA, BARACK H.",2990274,"ROMNEY, MITT",2680434,71332,5742040,DEMOCRAT,20,0,20,12769.123
2012,RHODE ISLAND,RI,"OBAMA, BARACK H.",279677,"ROMNEY, MITT",157204,9168,446049,DEMOCRAT,4,0,4,1054.893
2012,SOUTH CAROLINA,SC,"OBAMA, BARACK H.",865941,"ROMNEY, MITT",1071645,26532,1964118,REPUBLICAN,0,9,9,4719.027
2012,SOUTH DAKOTA,SD,"OBAMA, BARACK H.",145039,"ROMNEY, MITT",210610,8166,363815,REPUBLICAN,0,3,3,833.859
2012,TENNESSEE,TN,"OBAMA, BARACK H.",960709,"ROMNEY, MITT",1462330,35538,2458577,REPUBLICAN,0,11,11,6455.752
2012,TEXAS,TX,"OBAMA, BARACK H.",3308124,"ROMNEY, MITT",4569843,115884,7993851,REPUBLICAN,0,38,38,26084.12
2012,UTAH,UT,"OBAMA, BARACK H.",251813,"ROMNEY, MITT",740600,25027,1017440,REPUBLICAN,0,6,6,2854.146
2012,VERMONT,VT,"OBAMA, BARACK H.",199239,"ROMNEY, MITT",92698,7353,299290,DEMOCRAT,3,0,3,626.361
2012,VIRGINIA,VA,"OBAMA, BARACK H.",1971820,"ROMNEY, MITT",1822522,60147,3854489,DEMOCRAT,13,0,13,8187.456
2012,WASHINGTON,WA,"OBAMA, BARACK H.",1755396,"ROMNEY, MITT",1290670,79450,3125516,DEMOCRAT,12,0,12,6898.599
2012,WEST VIRGINIA,WV,"OBAMA, BARACK H.",238269,"ROMNEY, MITT",417655,14514,670438,REPUBLICAN,0,5,5,1857.446
2012,WISCONSIN,WI,"OBAMA, BARACK H.",1620985,"ROMNEY, MITT",1410966,39483,3071434,DEMOCRAT,10,0,10,5720.825
2012,WYOMING,WY,"OBAMA, BARACK H.",69286,"ROMNEY, MITT",170962,10453,250701,REPUBLICAN,0,3,3,576.656
2016,ALABAMA,AL,"CLINTON, HILLARY",729547,"TRUMP, DONALD J.",1318255,75570,2123372,REPUBLICAN,0,9,9,4866.824
2016,ALASKA,AK,"CLINTON, HILLARY",116454,"TRUMP, DONALD J.",163387,38767,318608,REPUBLICAN,0,3,3,742.575
2016,ARIZONA,AZ,"CLINTON, HILLARY",1161167,"TRUMP, DONALD J.",1252401,159597,2573165,REPUBLICAN,0,11,11,6944.767
2016,ARKANSAS,AR,"CLINTON, HILLARY",380494,"TRUMP, DONALD J.",684872,65269,1130635,REPUBLICAN,0,6,6,2991.815
2016,CALIFORNIA,CA,"CLINTON, HILLARY",8753788,"TRUMP, DONALD J.",4483810,943997,14181595,DEMOCRAT,55,0,55,39149.186
2016,COLORADO,CO,"CLINTON, HILLARY",1338870,"TRUMP, DONALD J.",1202484,238866,2780220,DEMOCRAT,9,0,9,5543.844
2016,CONNECTICUT,CT,"CLINTON, HILLARY",897572,"TRUMP, DONALD J.",673215,74133,1644920,DEMOCRAT,7,0,7,3579.83
2016,DELAWARE,DE,"CLINTON, HILLARY",235603,"TRUMP, DONALD J.",185127,20860,441590,DEMOCRAT,3,0,3,949.989
2016,DISTRICT OF COLUMBIA,DC,"CLINTON, HILLARY",282830,"TRUMP, DONALD J.",12723,17022,312575,DEMOCRAT,3,0,3,687.576
2016,FLORIDA,FL,"CLINTON, HILLARY",4504975,"TRUMP, DONALD J.",4617886,297178,9420039,REPUBLICAN,0,29,29,20627.237
2016,GEORGIA,GA,"CLINTON, HILLARY",1877963,"TRUMP, DONALD J.",2089104,147665,4114732,REPUBLICAN,0,16,16,10308.442
2016,HAWAII,HI,"CLINTON, HILLARY",266891,"TRUMP, DONALD J.",128847,41926,437664,DEMOCRAT,4,0,4,1428.885
2016,IDAHO,ID,"CLINTON, HILLARY",189765,"TRUMP, DONALD J.",409055,91435,690255,REPUBLICAN,0,4,4,1684.036
2016,ILLINOIS,IL,"CLINTON, HILLARY",3090729,"TRUMP, DONALD J.",2146015,299680,5536424,DEMOCRAT,20,0,20,12821.709
2016,INDIANA,IN,"CLINTON, HILLARY",1033126,"TRUMP, DONALD J.",1557286,144546,2734958,REPUBLICAN,0,11,11,6637.898
2016,IOWA,IA,"CLINTON, HILLARY",653669,"TRUMP, DONALD J.",800983,110928,1565580,REPUBLICAN,0,6,6,3133.21
2016,KANSAS,KS,"CLINTON, HILLARY",427005,"TRUMP, DONALD J.",671018,86379,1184402,REPUBLICAN,0,6,6,2912.977
2016,KENTUCKY,KY,"CLINTON, HILLARY",628854,"TRUMP, DONALD J.",1202971,92324,1924149,REPUBLICAN,0,8,8,4440.306
2016,LOUISIANA,LA,"CLINTON, HILLARY",780154,"TRUMP, DONALD J.",1178638,70240,2029032,REPUBLICAN,0,8,8,4681.346
2016,MAINE,ME,"CLINTON, HILLARY",357735,"TRUMP, DONALD J.",335593,78564,771892,DEMOCRAT,3,1,4,1332.348
2016,MARYLAND,MD,"CLINTON, HILLARY",1678006,"TRUMP, DONALD J.",943428,160012,2781446,DEMOCRAT,10,0,10,6007.014
2016,MASSACHUSETTS,MA,"CLINTON, HILLARY",1995196,"TRUMP, DONALD J.",1090893,292732,3378821,DEMOCRAT,11,0,11,6827.28
2016,MICHIGAN,MI,"CLINTON, HILLARY",2268839,"TRUMP, DONALD J.",2279543,250902,4799284,REPUBLICAN,0,16,16,9954.117
2016,MINNESOTA,MN,"CLINTON, HILLARY",1367705,"TRUMP, DONALD J.",1322949,254128,2944782,DEMOCRAT,10,0,10,5525.36
2016,MISSISSIPPI,MS,"CLINTON, HILLARY",485131,"TRUMP, DONALD J.",700714,23512,1209357,REPUBLICAN,0,6,6,2990.595
2016,MISSOURI,MO,"CLINTON, HILLARY",1071068,"TRUMP, DONALD J.",1594511,143026,2808605,REPUBLICAN,0,10,10,6091.384
2016,MONTANA,MT,"CLINTON, HILLARY",177709,"TRUMP, DONALD J.",279240,37577,494526,REPUBLICAN,0,3,3,1042.137
2016,NEBRASKA,NE,"CLINTON, HILLARY",284494,"TRUMP, DONALD J.",495961,63772,844227,REPUBLICAN,0,5,5,1906.483
2016,NEVADA,NV,"CLINTON, HILLARY",539260,"TRUMP, DONALD J.",512058,74067,1125385,DEMOCRAT,6,0,6,2919.555
2016,NEW HAMPSHIRE,NH,"CLINTON, HILLARY",348526,"TRUMP, DONALD J.",345790,49980,744296,DEMOCRAT,4,0,4,1343.694
2016,NEW JERSEY,NJ,"CLINTON, HILLARY",2148278,"TRUMP, DONALD J.",1601933,123835,3874046,DEMOCRAT,14,0,14,8873.584
2016,NEW MEXICO,NM,"CLINTON, HILLARY",385234,"TRUMP, DONALD J.",319667,93418,798319,DEMOCRAT,5,0,5,2092.555
2016,NEW YORK,NY,"CLINTON, HILLARY",4379789,"TRUMP, DONALD J.",2527142,895153,7802084,DEMOCRAT,29,0,29,19636.391
2016,NORTH CAROLINA,NC,"CLINTON, HILLARY",2189316,"TRUMP, DONALD J.",2362631,189617,4741564,REPUBLICAN,0,15,15,10161.802
2016,NORTH DAKOTA,ND,"CLINTON, HILLARY",93758,"TRUMP, DONALD J.",216794,33808,344360,REPUBLICAN,0,3,3,756.114
2016,OHIO,OH,"CLINTON, HILLARY",2394164,"TRUMP, DONALD J.",2841005,261318,5496487,REPUBLICAN,0,18,18,11640.06
2016,OKLAHOMA,OK,"CLINTON, HILLARY",420375,"TRUMP, DONALD J.",949136,83481,1452992,REPUBLICAN,0,7,7,3928.143
2016,OREGON,OR,"CLINTON, HILLARY",1002106,"TRUMP, DONALD J.",782403,216827,2001336,DEMOCRAT,7,0,7,4093.271
2016,PENNSYLVANIA,PA,"CLINTON, HILLARY",2926441,"TRUMP, DONALD J.",2970733,218228,6115402,REPUBLICAN,0,20,20,12788.468
2016,RHODE ISLAND,RI,"CLINTON, HILLARY",252525,"TRUMP, DONALD J.",180543,31076,464144,DEMOCRAT,4,0,4,1057.816
2016,SOUTH CAROLINA,SC,"CLINTON, HILLARY",855373,"TRUMP, DONALD J.",1155389,92265,2103027,REPUBLICAN,0,9,9,4963.031
2016,SOUTH DAKOTA,SD,"CLINTON, HILLARY",117458,"TRUMP, DONALD J.",227721,24914,370093,REPUBLICAN,0,3,3,863.693
2016,TENNESSEE,TN,"CLINTON, HILLARY",870695,"TRUMP, DONALD J.",1522925,114407,2508027,REPUBLICAN,0,11,11,6651.277
2016,TEXAS,TX,"CLINTON, HILLARY",3877868,"TRUMP, DONALD J.",4685047,406311,8969226,REPUBLICAN,0,38,38,27914.064
2016,UTAH,UT,"CLINTON, HILLARY",310674,"TRUMP, DONALD J.",515211,305432,1131317,REPUBLICAN,0,6,6,3044.241
2016,VERMONT,VT,"CLINTON, HILLARY",178573,"TRUMP, DONALD J.",95369,46525,320467,DEMOCRAT,3,0,3,624.366
2016,VIRGINIA,VA,"CLINTON, HILLARY",1981473,"TRUMP, DONALD J.",1769443,231836,3982752,DEMOCRAT,13,0,13,8417.651
2016,WASHINGTON,WA,"CLINTON, HILLARY",1742718,"TRUMP, DONALD J.",1221747,352554,3317019,DEMOCRAT,12,0,12,7299.961
2016,WEST VIRGINIA,WV,"CLINTON, HILLARY",188794,"TRUMP, DONALD J.",489371,34886,713051,REPUBLICAN,0,5,5,1832.435
2016,WISCONSIN,WI,"CLINTON, HILLARY",1382536,"TRUMP, DONALD J.",1405284,188330,2976150,REPUBLICAN,0,10,10,5775.17
2016,WYOMING,WY,"CLINTON, HILLARY",55973,"TRUMP, DONALD J.",174419,28396,258788,REPUBLICAN,0,3,3,585.243
2020,ALABAMA,AL,"BIDEN, JOSEPH R. JR",849624,"TRUMP, DONALD J.",1441170,32488,2323282,REPUBLICAN,0,9,9,4921.532
2020,ALASKA,AK,"BIDEN, JOSEPH R. JR",153778,"TRUMP, DONALD J.",189951,15801,359530,REPUBLICAN,0,3,3,731.158
2020,ARIZONA,AZ,"BIDEN, JOSEPH R. JR",1672143,"TRUMP, DONALD J.",1661686,53497,3387326,DEMOCRAT,11,0,11,7421.401
2020,ARKANSAS,AR,"BIDEN, JOSEPH R. JR",423932,"TRUMP, DONALD J.",760647,34490,1219069,REPUBLICAN,0,6,6,3030.522
2020,CALIFORNIA,CA,"BIDEN, JOSEPH R. JR",11110250,"TRUMP, DONALD J.",6006429,384202,17500881,DEMOCRAT,55,0,55,39368.078
2020,COLORADO,CO,"BIDEN, JOSEPH R. JR",1804352,"TRUMP, DONALD J.",1364607,111021,3279980,DEMOCRAT,9,0,9,5807.719
2020,CONNECTICUT,CT,"BIDEN, JOSEPH R. JR",1080831,"TRUMP, DONALD J.",714717,28309,1823857,DEMOCRAT,7,0,7,3557.006
2020,DELAWARE,DE,"BIDEN, JOSEPH R. JR",296268,"TRUMP, DONALD J.",200603,7475,504346,DEMOCRAT,3,0,3,986.809
2020,DISTRICT OF COLUMBIA,DC,"BIDEN, JOSEPH R. JR",317323,"TRUMP, DONALD J.",18586,8447,344356,DEMOCRAT,3,0,3,712.816
2020,FLORIDA,FL,"BIDEN, JOSEPH R. JR",5297045,"TRUMP, DONALD J.",5668731,101680,11067456,REPUBLICAN,0,29,29,21733.312
2020,GEORGIA,GA,"BIDEN, JOSEPH R. JR",2473633,"TRUMP, DONALD J.",2461854,64473,4999960,DEMOCRAT,16,0,16,10710.017
2020,HAWAII,HI,"BIDEN, JOSEPH R. JR",366130,"TRUMP, DONALD J.",196864,16790,579784,DEMOCRAT,4,0,4,1407.006
2020,IDAHO,ID,"BIDEN, JOSEPH R. JR",287021,"TRUMP, DONALD J.",554119,26874,868014,REPUBLICAN,0,4,4,1826.913
2020,ILLINOIS,IL,"BIDEN, JOSEPH R. JR",3471915,"TRUMP, DONALD J.",2446891,114937,6033743,DEMOCRAT,20,0,20,12587.53
2020,INDIANA,IN,"BIDEN, JOSEPH R. JR",1242416,"TRUMP, DONALD J.",1729519,61183,3033118,REPUBLICAN,0,11,11,6754.953
2020,IOWA,IA,"BIDEN, JOSEPH R. JR",759061,"TRUMP, DONALD J.",897672,43397,1700130,REPUBLICAN,0,6,6,3163.561
2020,KANSAS,KS,"BIDEN, JOSEPH R. JR",570323,"TRUMP, DONALD J.",771406,30574,1372303,REPUBLICAN,0,6,6,2913.805
2020,KENTUCKY,KY,"BIDEN, JOSEPH R. JR",772474,"TRUMP, DONALD J.",1326646,37648,2136768,REPUBLICAN,0,8,8,4477.251
2020,LOUISIANA,LA,"BIDEN, JOSEPH R. JR",856034,"TRUMP, DONALD J.",1255776,36252,2148062,REPUBLICAN,0,8,8,4645.318
2020,MAINE,ME,"BIDEN, JOSEPH R. JR",435072,"TRUMP, DONALD J.",360737,32496,828305,DEMOCRAT,3,1,4,1350.141
2020,MARYLAND,MD,"BIDEN, JOSEPH R. JR",1985023,"TRUMP, DONALD J.",976414,75593,3037030,DEMOCRAT,10,0,10,6055.802
2020,MASSACHUSETTS,MA,"BIDEN, JOSEPH R. JR",2382202,"TRUMP, DONALD J.",1167202,108601,3658005,DEMOCRAT,11,0,11,6893.574
2020,MICHIGAN,MI,"BIDEN, JOSEPH R. JR",2804040,"TRUMP, DONALD J.",2649852,85410,5539302,DEMOCRAT,16,0,16,9966.555
2020,MINNESOTA,MN,"BIDEN, JOSEPH R. JR",1717077,"TRUMP, DONALD J.",1484065,76029,3277171,DEMOCRAT,10,0,10,5657.342
2020,MISSISSIPPI,MS,"BIDEN, JOSEPH R. JR",539398,"TRUMP, DONALD J.",756764,17597,1313759,REPUBLICAN,0,6,6,2966.786
2020,MISSOURI,MO,"BIDEN, JOSEPH R. JR",1253014,"TRUMP, DONALD J.",1718736,54212,3025962,REPUBLICAN,0,10,10,6151.548
2020,MONTANA,MT,"BIDEN, JOSEPH R. JR",244786,"TRUMP, DONALD J.",343602,15286,603674,REPUBLICAN,0,3,3,1080.577
2020,NEBRASKA,NE,"BIDEN, JOSEPH R. JR",374583,"TRUMP, DONALD J.",556846,24954,956383,REPUBLICAN,1,4,5,1937.552
2020,NEVADA,NV,"BIDEN, JOSEPH R. JR",703486,"TRUMP, DONALD J.",669890,32000,1405376,DEMOCRAT,6,0,6,3138.259
2020,NEW HAMPSHIRE,NH,"BIDEN, JOSEPH R. JR",424921,"TRUMP, DONALD J.",365654,15607,806182,DEMOCRAT,4,0,4,1366.275
2020,NEW JERSEY,NJ,"BIDEN, JOSEPH R. JR",2608335,"TRUMP, DONALD J.",1883274,57744,4549353,DEMOCRAT,14,0,14,8882.371
2020,NEW MEXICO,NM,"BIDEN, JOSEPH R. JR",501614,"TRUMP, DONALD J.",401894,20457,923965,DEMOCRAT,5,0,5,2106.319
2020,NEW YORK,NY,"BIDEN, JOSEPH R. JR",5230985,"TRUMP, DONALD J.",3244798,185952,8661735,DEMOCRAT,29,0,29,19336.776
2020,NORTH CAROLINA,NC,"BIDEN, JOSEPH R. JR",2684292,"TRUMP, DONALD J.",2758773,81737,5524802,REPUBLICAN,0,15,15,10600.823
2020,NORTH DAKOTA,ND,"BIDEN, JOSEPH R. JR",114902,"TRUMP, DONALD J.",235595,11322,361819,REPUBLICAN,0,3,3,765.309
2020,OHIO,OH,"BIDEN, JOSEPH R. JR",2679165,"TRUMP, DONALD J.",3154834,88203,5922202,REPUBLICAN,0,18,18,11693.217
2020,OKLAHOMA,OK,"BIDEN, JOSEPH R. JR",503890,"TRUMP, DONALD J.",1020280,36529,1560699,REPUBLICAN,0,7,7,3980.783
2020,OREGON,OR,"BIDEN, JOSEPH R. JR",1340383,"TRUMP, DONALD J.",958448,75490,2374321,DEMOCRAT,7,0,7,4241.507
2020,PENNSYLVANIA,PA,"BIDEN, JOSEPH R. JR",3458229,"TRUMP, DONALD J.",3377674,79380,6915283,DEMOCRAT,20,0,20,12783.254
2020,RHODE ISLAND,RI,"BIDEN, JOSEPH R. JR",307486,"TRUMP, DONALD J.",199922,9582,516990,DEMOCRAT,4,0,4,1057.125
2020,SOUTH CAROLINA,SC,"BIDEN, JOSEPH R. JR",1091541,"TRUMP, DONALD J.",1385103,37452,2514096,REPUBLICAN,0,9,9,5218.04
2020,SOUTH DAKOTA,SD,"BIDEN, JOSEPH R. JR",150471,"TRUMP, DONALD J.",261043,11095,422609,REPUBLICAN,0,3,3,892.717
2020,TENNESSEE,TN,"BIDEN, JOSEPH R. JR",1143711,"TRUMP, DONALD J.",1852475,57665,3053851,REPUBLICAN,0,11,11,6886.834
2020,TEXAS,TX,"BIDEN, JOSEPH R. JR",5259126,"TRUMP, DONALD J.",5890347,165583,11315056,REPUBLICAN,0,38,38,29360.759
2020,UTAH,UT,"BIDEN, JOSEPH R. JR",560282,"TRUMP, DONALD J.",865140,62867,1488289,REPUBLICAN,0,6,6,3249.879
2020,VERMONT,VT,"BIDEN, JOSEPH R. JR",242820,"TRUMP, DONALD J.",112704,15444,370968,DEMOCRAT,3,0,3,623.347
2020,VIRGINIA,VA,"BIDEN, JOSEPH R. JR",2413568,"TRUMP, DONALD J.",1962430,84526,4460524,DEMOCRAT,13,0,13,8590.563
2020,WASHINGTON,WA,"BIDEN, JOSEPH R. JR",2369612,"TRUMP, DONALD J.",1584651,133368,4087631,DEMOCRAT,12,0,12,7693.612
2020,WEST VIRGINIA,WV,"BIDEN, JOSEPH R. JR",235984,"TRUMP, DONALD J.",545382,13286,794652,REPUBLICAN,0,5,5,1784.787
2020,WISCONSIN,WI,"BIDEN, JOSEPH R. JR",1630866,"TRUMP, DONALD J.",1610184,56991,3298041,DEMOCRAT,10,0,10,5832.655
2020,WYOMING,WY,"BIDEN, JOSEPH R. JR",73491,"TRUMP, DONALD J.",193559,11453,278503,REPUBLICAN,0,3,3,582.328
